Chars;Text;Pics;;;;
Πάνος; Εδώ θα αφήσετε τα κόκκαλά σας ρεεεε· εδώ ρε ρεμάλια Σιδεράδες γυφτόσκυλα!;https://i.imgur.com/iCkGSk6.jpg;;;;
Σιδεράδες;Ρε κωλομούρια· ρε καραγκιόζηδες θα σας μαζέψει ο μπόγιας ρεεε;https://i.imgur.com/c6HSybp.jpg;;;;
Πάνος;Σουηδέζες από 15 μέχρι 18· απτό βυζί της μάνας τους κατευθείαν στην κατανάλωση;https://i.imgur.com/iCkGSk6.jpg;;;;
Σιδεράδες;Θα σε πάρει η Μαρίκα ξεκίνα να πλένεις;https://i.imgur.com/c6HSybp.jpg;;;;
Πάνος;"Ταχύπλοο υπό το σεληνόφως
Άιλαβ γιου μάιντάρλινγκ ·¨Αι λαβ γιου μάιμπέιμπι";https://i.imgur.com/iCkGSk6.jpg;;;;
Σιδεράδες;Ουου ρε σαβουρογάμη!;https://i.imgur.com/c6HSybp.jpg;;;;
Πάνος;Εδώ θα γίνει ο τάφος σας!;https://i.imgur.com/iCkGSk6.jpg;;;;
Μιχάλης; Έλα έλα πάμε πάμε ·έλα πάμε;https://i.imgur.com/n9Pd3IM.png;;;;
Πάνος; Σου΄ρχομαι Θάσο σου΄ρχομαι· ψαρούκλες· ρίγανη· λαδολέμονο· αστακό βραστό· δύο μέτρα ΝΑ μια τσιπούρα. Νούμερα!!!;https://i.imgur.com/iCkGSk6.jpg;;;;
Σιδεράδες; Ουουουρεεε!;https://i.imgur.com/c6HSybp.jpg;;;;
Πάνος; Όξω ρε κορόιδα· ε κορόιδα!!!;https://i.imgur.com/iCkGSk6.jpg;;;;
Σιδεράδες; Άντε γεια ρε · καλό ταξίδι ρε γεια· καλό ταξίδι;https://i.imgur.com/c6HSybp.jpg;;;;
Πάνος;" Δε μου λες; Μένουμε απόψε Καβάλα να κινηθούμε προς Καρά Ορμάν;";https://i.imgur.com/iCkGSk6.jpg;;;;
Πάνος; Εγώ εκεί κάτι βγάζω και θα φροντίσω και για’σένα;https://i.imgur.com/iCkGSk6.jpg;;;;
Μιχάλης; Δε γίνεται Πάνο μου;https://i.imgur.com/n9Pd3IM.png;;;;
Πάνος;" Γιατί δε γίνεται;";https://i.imgur.com/iCkGSk6.jpg;;;;
Μιχάλης;" Διότι ο Αντώνης περιμένει· ξέρεις τι μου είπε στο τηλέφωνο;";https://i.imgur.com/n9Pd3IM.png;;;;
Μιχάλης; Μου φορτώσατε τρεις οικογένειες και ζείτε την ελευθερία σας στη Θεσσαλονίκη;https://i.imgur.com/n9Pd3IM.png;;;;
Πάνος; Και δεν του έλεγες· ρε βλαχαδερό μωρή πελοποννησιακή λέρα;https://i.imgur.com/iCkGSk6.jpg;;;;
Πάνος;" Όταν εσύ χωρίζεις κάθε τρεις και λίγο με την Ελένη· δε την τρώμε στη μάπα μαζί με τα παιδιά σου και τη μάνα σου;";https://i.imgur.com/iCkGSk6.jpg;;;;
Μιχάλης; Δεν του το είπα Πάνο διότι έχει δίκιο.;https://i.imgur.com/n9Pd3IM.png;;;;
Μιχάλης;" Ξέρεις τι είναι να πηγαίνεις το πρωί στη θάλασσά 9 παιδιά· να τρέχεις να ψωνίσεις για 16 στόματα· να πηγαίνεις τους γέρους στις κούνιες;";https://i.imgur.com/n9Pd3IM.png;;;;
Πάνος;" -Τους γέρους τους πηγαίνει στις κούνιες;";https://i.imgur.com/iCkGSk6.jpg;;;;
Μιχάλης; Μαζί με τα παιδιά;https://i.imgur.com/n9Pd3IM.png;;;;
Μιχάλης; Βέβαια οι γέροι δεν κάνουν κούνια αλλά τους αρέσει να παρακολουθούν;https://i.imgur.com/n9Pd3IM.png;;;;
Μιχάλης; Και το βράδυ θέλουν χάμπουγκερ στην πλατεία;https://i.imgur.com/n9Pd3IM.png;;;;
Μιχάλης; Εγώ θα έπνιγα έναν απ’όλους;https://i.imgur.com/n9Pd3IM.png;;;;
Πάνος;" Να πνίξει τη μάνα του
Ξέρεις τι μου είπε το Πάσχα όταν της έκοψα λίγο κοκορέτσι;";https://i.imgur.com/iCkGSk6.jpg;;;;
Πάνος; “Ελάτε στην Παπαδίτσα να καταλάβετε τι θα πει κοκορέτσι”;https://i.imgur.com/iCkGSk6.jpg;;;;
Μιχάλης; Πράγματι·στην Παπαδίτσα το κοκορέτσι είναι το κάτι άλλο;https://i.imgur.com/n9Pd3IM.png;;;;
Πάνος;" Το κάτι άλλο;
Ξέρεις τι μου’πε εμένα άνθρωπος επαγγελματίας από την Καλαμάτα;";https://i.imgur.com/iCkGSk6.jpg;;;;
Πάνος;" Τον ρωτάω “γιατί κύριε Μπαρμπατσέα το κοκορέτσι στην Παπαδίτσα είναι τόσο νόστιμο;”";https://i.imgur.com/iCkGSk6.jpg;;;;
Πάνος; Και μου απαντάει εμπιστευτικά “Γιατί στην Παπαδίτσα δεν πλένουν τα αντεράκια”;https://i.imgur.com/iCkGSk6.jpg;;;;
Μιχάλης; Ιιιιι!!!  Και τρώμε δηλαδή…;https://i.imgur.com/n9Pd3IM.png;;;;
Πάνος; Σκατά ψητά με μουστάρδα και πιπέρι· αυτό τρώμε;https://i.imgur.com/iCkGSk6.jpg;;;;
Πάνος; Διότι· κοίτα τι κάνει ο Θεός;https://i.imgur.com/iCkGSk6.jpg;;;;
Πάνος; Φτιάχνει τρεις αδερφές· τη μία την παίρνω εγώ εντάξει·την άλλη την παίρνεις εσύ..εντάξει;https://i.imgur.com/iCkGSk6.jpg;;;;
Πάνος; Και έρχεται αυτός απ΄το συνέδριο του ΠΑΣΟΚ και παίρνει τη μικρότερη;https://i.imgur.com/iCkGSk6.jpg;;;;
Μιχάλης; Έτσι γίναμε μπατζανάκια;https://i.imgur.com/n9Pd3IM.png;;;;
Πάνος; Ναι αλλά τι φταίω εγώ να συγγενέψω με δημοτικό σύμβουλο από την Παπαδίτσα Λακωνίας;https://i.imgur.com/iCkGSk6.jpg;;;;
Πάνος; Μη σταματάς;https://i.imgur.com/iCkGSk6.jpg;;;;
Πάνος; Σταμάτα· σταμάτα;https://i.imgur.com/iCkGSk6.jpg;;;;
Λάκης;Κύριε φοβάμαι ότι κάναμε λάθος;https://i.imgur.com/pjMymKO.png;;;;
Πάνος;"Σε τι μπορώ να σας φανώ χρήσιμος;";https://i.imgur.com/iCkGSk6.jpg;;;;
Λάκης;Κύριε φοβάμαι πως κάναμε λάθος;https://i.imgur.com/pjMymKO.png;;;;
Πάνος;Τα λάθη για τους ανθρώπους είναι;https://i.imgur.com/iCkGSk6.jpg;;;;
Λάκης;Μου είπαν ότι για να πάω στην Καβάλα πρέπει να έχω τη Θάλασσα στα δεξιά μου;https://i.imgur.com/pjMymKO.png;;;;
Πάνος;"Και εσείς που την έχετε;";https://i.imgur.com/iCkGSk6.jpg;;;;
Λάκης;Στα αριστερά μου;https://i.imgur.com/pjMymKO.png;;;;
Το κορίτσι; Χιχιχι;https://i.imgur.com/2wPLjim.png;;;;
Πάνος;" Ο μπαμπάς σας είναι;";https://i.imgur.com/iCkGSk6.jpg;;;;
Μιχάλης; Καλά πηγαίνετε στην Ασπροβάλτα θα βρείτε τη Θάλασσα δεξιά σας· αυτή είναι η λίμνη Βόλβη;https://i.imgur.com/n9Pd3IM.png;;;;
Πάνος;" -Έχετε κάνει μπάνιο στη λίμνη;";https://i.imgur.com/iCkGSk6.jpg;;;;
Το κορίτσι; Όχι;https://i.imgur.com/2wPLjim.png;;;;
Πάνος; Με πανσέληνο βγαίνουν οι νύφες;https://i.imgur.com/iCkGSk6.jpg;;;;
Το κορίτσι; Θα είναι μαγευτικά;https://i.imgur.com/2wPLjim.png;;;;
Πάνος; Μαγεία;https://i.imgur.com/iCkGSk6.jpg;;;;
Λάκης; Εδώ βέβαια θα έγινε το ιστορικό συνέδριο της Βόλβης;https://i.imgur.com/pjMymKO.png;;;;
Μιχάλης; Θα σας γελάσω;https://i.imgur.com/n9Pd3IM.png;;;;
Λάκης; Λένε ότι το συνέδριο αυτό επηρέασε την πολιτική ζωή και έφερε ραγδαίες εξελίξεις;https://i.imgur.com/pjMymKO.png;;;;
Μιχάλης; Ίσως;https://i.imgur.com/n9Pd3IM.png;;;;
Λάκης; Σας ευχαριστώ πάντως;https://i.imgur.com/pjMymKO.png;;;;
Το κορίτσι; Να έρθουμε ένα βράδυ· μου είπε ο κύριος;https://i.imgur.com/2wPLjim.png;;;;
Πάνος; Παναγιώτης· οι φίλοι μου με φωνάζουν Πάνο;https://i.imgur.com/iCkGSk6.jpg;;;;
Το κορίτσι; Μου είπε ο κύριος Πάνος πως όταν έχει πανσέληνο βγαίνουν στη λίμνη οι νύμφες και λούζονται στα νερά;https://i.imgur.com/2wPLjim.png;;;;
Λάκης; Σας ευχαριστώ και πάλι;https://i.imgur.com/pjMymKO.png;;;;
Πάνος; Κατάλαβες τι κάνει ο Θεός· φτιάχνει τέτοια πλάσματα και μετά τα αφήνει αδέσποτα και δεν τον νοιάζει αν εμένα μου κόβει τα πόδια;https://i.imgur.com/iCkGSk6.jpg;;;;
Πάνος; Εγώ τι κάνω τώρα;https://i.imgur.com/iCkGSk6.jpg;;;;
Μιχάλης; Μας ήρθε λίγο ξαφνικά Πάνο αλλά ώσπου να φτάσουμε στο καράβι θα την ξεχάσουμε;https://i.imgur.com/n9Pd3IM.png;;;;
Πάνος; Εγώ δεν τη ξεχνάω ρε;https://i.imgur.com/iCkGSk6.jpg;;;;
Μιχάλης; Ο χρόνος είναι γιατρός Πάνο έρχεται και τα σκεπάζει όλα;https://i.imgur.com/n9Pd3IM.png;;;;
Μιχάλης; Τώρα πρέπει να ασχοληθείς με άλλα πράγματα· να τη βγάλεις απτή σκέψη σου;https://i.imgur.com/n9Pd3IM.png;;;;
Μιχάλης; Πάνο καλύτερα να πίναμε τον καφέ μας στην Καβάλα;https://i.imgur.com/n9Pd3IM.png;;;;
Πάνος; -Όπου θέλω θα τον πιω και αν πάρει κάποιος τηλέφωνο και πει ότι αργήσατε θα του πω και γω κάτι για τη μανούλα του;https://i.imgur.com/iCkGSk6.jpg;;;;
Πάνος;" Δεν κατάλαβες τι έγινε;";https://i.imgur.com/iCkGSk6.jpg;;;;
Πάνος; Του λέει το κορίτσι να έρθουμε ένα βράδυ με πανσέληνο· μου είπε ο κύριος και δείχνει εμένα;https://i.imgur.com/iCkGSk6.jpg;;;;
Πάνος; Και λέω εγώ Παναγιώτης οι φίλοι μου με φωνάζουν Πάνο;https://i.imgur.com/iCkGSk6.jpg;;;;
Πάνος;" Και λέει το κορίτσι “Μου είπε ο κύριος Πάνος”… Κατάλαβες;";https://i.imgur.com/iCkGSk6.jpg;;;;
Μιχάλης;" Τι να καταλάβω;";https://i.imgur.com/n9Pd3IM.png;;;;
Πάνος;" Τι να καταλάβεις; Δεν είπε ο κύριος Παναγιώτης είπε ο κύριος Πάνος. Ούτε τώρα δεν καταλαβαίνεις;";https://i.imgur.com/iCkGSk6.jpg;;;;
Μιχάλης; Δεν καταλαβαίνω;https://i.imgur.com/n9Pd3IM.png;;;;
Πάνος; Δεν πειράζει διότι κατάλαβε αυτός;https://i.imgur.com/iCkGSk6.jpg;;;;
Πάνος;" Και όταν ακούει “Μου είπε ο κύριος Πάνος”σου λέει τα πράγματα γίνονται σοβαρά
Και πατάει γκάζι και φεύγει";https://i.imgur.com/iCkGSk6.jpg;;;;
Μιχάλης; Πράγματι έφυγε βιαστικά;https://i.imgur.com/n9Pd3IM.png;;;;
Πάνος; Λοιπόν σκέψου πρώτα κατάλαβε και μετά πες ότι δεν καταλαβαίνω;https://i.imgur.com/iCkGSk6.jpg;;;;
Μιχάλης; Φραπέ παγωμένο δυο κουταλιές ζάχαρη;https://i.imgur.com/n9Pd3IM.png;;;;
Πάνος; Το ίδιο χωρίς ζάχαρη;https://i.imgur.com/iCkGSk6.jpg;;;;
Μιχάλης; Πάνο χωρίς ζάχαρη ο φραπές είναι δηλητήριο;https://i.imgur.com/n9Pd3IM.png;;;;
Πάνος; Δικαίωμα μου;https://i.imgur.com/iCkGSk6.jpg;;;;
Πάνος; Ακούμε το ίδιο τραγούδι;https://i.imgur.com/iCkGSk6.jpg;;;;
Μιχάλης; Ε βέβαια;https://i.imgur.com/n9Pd3IM.png;;;;
Πάνος; Και ξέρει αυτός ότι ακούμε το ίδιο τραγούδι;https://i.imgur.com/iCkGSk6.jpg;;;;
Μιχάλης;" Ποιος Πάνο;";https://i.imgur.com/n9Pd3IM.png;;;;
Μιχάλης; Συγνώμη;https://i.imgur.com/n9Pd3IM.png;;;;
Κα.Σουλτάνα;Καλημέρα σας;https://i.imgur.com/YuklvNO.jpg;;;;
Μιχάλης;  Καλημέρα σας;https://i.imgur.com/n9Pd3IM.png;;;;
Μιχάλης;"  Ραδιόφωνο έχετε;";https://i.imgur.com/n9Pd3IM.png;;;;
Κα.Σουλτάνα;CD;https://i.imgur.com/YuklvNO.jpg;;;;
Μιχάλης;"  Πάνο;";https://i.imgur.com/n9Pd3IM.png;;;;
Μιχάλης;  Πάνο;https://i.imgur.com/n9Pd3IM.png;;;;
Πάνος; Παρουσιάζεται απάνω έτσι και μου λέει πάμε· εμένα η ζωή μου αρχίζει απτήν αρχή;https://i.imgur.com/iCkGSk6.jpg;;;;
Μιχάλης;" Πάνο; Σκέφτομαι πως έρχεται το κορίτσι και σου λέει πάμε.
Τη βάζεις στο φορτηγό και πάτε; και γίνεται μαύρο από πάνω μέχρι κάτω;";https://i.imgur.com/n9Pd3IM.png;;;;
Μιχάλης;" Γιατί δεν απαντάς;";https://i.imgur.com/n9Pd3IM.png;;;;
Πάνος; Γιατί περιμένω να δω που το πας;https://i.imgur.com/iCkGSk6.jpg;;;;
Μιχάλης; Πουθενά δεν το πάω · μιλάω βάση μιας λογικής;https://i.imgur.com/n9Pd3IM.png;;;;
Μιχάλης; Θα αναγκαστείς να αγοράσεις καινούριο αυτοκίνητο· όχι Mercedes αλλά οπωσδήποτε convertible – 10 εκατομμύρια;https://i.imgur.com/n9Pd3IM.png;;;;
Μιχάλης;" Που θα την πας; Θα τη νοικιάζεις δωματιάκι στη Θάσο; Όχι Porto Carras σουίτα";https://i.imgur.com/n9Pd3IM.png;;;;
Μιχάλης;" Το βράδυ αυτή θέλει καζίνο. Και άμα τη πάει εντάξει· άμα δεν τη πάει;";https://i.imgur.com/n9Pd3IM.png;;;;
Μιχάλης;" Είσαι άνθρωπος εσύ που θα την πεις “παίξε οικονομικά” ή θα την πεις “παίξε εγώ είμαι’ δω”;";https://i.imgur.com/n9Pd3IM.png;;;;
Πάνος; Θα την πω “Παίξε· εγώ είμαι’ δω”;https://i.imgur.com/iCkGSk6.jpg;;;;
Μιχάλης; Αλλά τελειώνει το καλοκαίρι· το χειμώνα κατεβαίνετε Θεσσαλονίκη .Θα της νοικιάζεις ρετιρέ στο Πανόραμα· θα τρώτε στα καλά μαγαζιά;https://i.imgur.com/n9Pd3IM.png;;;;
Μιχάλης; Πίσω σου έχεις αφήσει γυναίκα· 3 παιδιά· άρρωστη αδερφή και γέρο πατέρα;https://i.imgur.com/n9Pd3IM.png;;;;
Μιχάλης; Πεινάνε και εσείς τρώτε στην Πριγκηπόνησσο και ξαφνικά  βλέπεις τη Φωτούλα και το Διονυσάκη και ζητιανεύουν στα τραπέζια.;https://i.imgur.com/n9Pd3IM.png;;;;
Μιχάλης;" Τι κάνεις εκείνη την ώρα;";https://i.imgur.com/n9Pd3IM.png;;;;
Πάνος; Ρίχνω σκοινί και πνίγουμαι;https://i.imgur.com/iCkGSk6.jpg;;;;
Μιχάλης; Το κορίτσι αυτό θα είναι από κάπου Φάληρο-Γλυφάδα και την παίρνεις την Κυριακή στο γήπεδο με τον Ολυμπιακό;https://i.imgur.com/n9Pd3IM.png;;;;
Μιχάλης; Και κάνει έτσι ο Ίβιτς και πέφτει δήθεν στη μικρή περιοχή και ζητάνε οι γαύροι πέναλντι και πετάγεται αυτή και φωνάζει πέναλντι;https://i.imgur.com/n9Pd3IM.png;;;;
Μιχάλης;" Τι κάνεις εσύ μπρος στους Παοκτσήδες· μια ζωή εξέδρα;";https://i.imgur.com/n9Pd3IM.png;;;;
Πάνος; Την πνίγω!!!;https://i.imgur.com/iCkGSk6.jpg;;;;
Μιχάλης; Σε ξέρω γι’αυτό μιλάω;https://i.imgur.com/n9Pd3IM.png;;;;
Μιχάλης; Και επανέρχομαι στο οικονομικό;https://i.imgur.com/n9Pd3IM.png;;;;
Μιχάλης; Τι κάνεις όταν πλακώσουν τα γραμμάτια αυτοκινήτου·οι ακάλυπτες επιταγές από μπουτίκ·κοσμηματοπωλεία·νυχτερινά κέντρα·ανθοπωλεία·εστιατόρια;https://i.imgur.com/n9Pd3IM.png;;;;
Μιχάλης; Το ίδιο το κορίτσι για να σε σώσει θα σου πει “Πάνο τελειώσαμε εδώ”;https://i.imgur.com/n9Pd3IM.png;;;;
Μιχάλης;" Και εσύ χτυπημένος· μόνος. Ένα πρωί θα παρουσιαστείς στον εισαγγελέα.
Η ποινή λόγω προτέρου εντίμου βίου θα είναι 15 χρόνια";https://i.imgur.com/n9Pd3IM.png;;;;
Μιχάλης;" Ένα πρωί θα ανοίξει η πόρτα και θα βγεις από τη φυλακή
Θα κοιτάξεις κάτω τη Θεσσαλονίκη";https://i.imgur.com/n9Pd3IM.png;;;;
Μιχάλης; Τα παιδιά σου θα έχουν αποκατασταθεί ·η Μαρίκα συζεί με άλλον· ο πατέρας σου έχει πεθάνει και η αδερφή σου έγκλειστη σε κάποιο ψυχιατρείο;https://i.imgur.com/n9Pd3IM.png;;;;
Μιχάλης; Και’ συ θα κατέβεις στο Λευκό Πύργο· θα κάνεις μια βόλτα και κανένας δε θα σε καλωσορίσει· δε θα γυρίσει να σου πει καλημέρα;https://i.imgur.com/n9Pd3IM.png;;;;
Μιχάλης; Διότι οι άνθρωποι δε συγχωρούν αυτούς που από έρωτα εκπέσανε;https://i.imgur.com/n9Pd3IM.png;;;;
Πάνος; Ωωωωωωωωωωω!!!!!!!;https://i.imgur.com/iCkGSk6.jpg;;;;
Κα.Σουλτάνα;Θεέ μου!!;https://i.imgur.com/YuklvNO.jpg;;;;
Κα.Αρχοντούλα; Θεέ μου!!!;https://i.imgur.com/YuklvNO.jpg;;;;
Μιχάλης;"   Πάνο!!! Ρε Πάνο!!
Ρε Πάνο τι έκανες;";https://i.imgur.com/n9Pd3IM.png;;;;
Μιχάλης;"   Δεσποινίς το ονομά σας;";https://i.imgur.com/n9Pd3IM.png;;;;
Κλυταιμνήστρα;   Κλυταιμνήστρα;https://i.imgur.com/4Efk2Q0.png;;;;
Μιχάλης;   Δεσποινίς Κλυταιμνήστρα αυτό το πράγμα το έχει πάθει άλλες δυο φορές;https://i.imgur.com/n9Pd3IM.png;;;;
Κλυταιμνήστρα;"   Πέφτει στη λίμνη;";https://i.imgur.com/4Efk2Q0.png;;;;
Μιχάλης;   Όχι στη Θάλασσα· μία στο Μεσσηνιακό και μία στον Παγασητικό;https://i.imgur.com/n9Pd3IM.png;;;;
Κλυταιμνήστρα;"   Για τον ίδιο λόγο;";https://i.imgur.com/4Efk2Q0.png;;;;
Μιχάλης;   Για …παρεμφερή λόγο;https://i.imgur.com/n9Pd3IM.png;;;;
Κλυταιμνήστρα;"   Λοιπόν θα πιει ένα πικρό καφέ· θα κάνει ένα θερμό μπάνιο και θα’ρθω να του πάρω την πίεση. Εντάξει;";https://i.imgur.com/4Efk2Q0.png;;;;
Μιχάλης;   Φχαριστούμε πολύ;https://i.imgur.com/n9Pd3IM.png;;;;
Μιχάλης;"   Λέμε καμιά φορά Πάνο τι φταίξαμε και ο Θεός έφτιαξε τις γυναίκες.
Αλλά σκέφτομαι γυναίκα μεν σε κατέστρεψε αλλά γυναίκες σε σώσανε";https://i.imgur.com/n9Pd3IM.png;;;;
Λουόμενοι Βόλβης;"   -Να σας βλέπουμε πάντα καλά
-Σιδεροκέφαλος
-Πάντα με υγεία
-Αμήν";https://i.imgur.com/QlHQYgm.jpg;;;;
Πάνος;  Ευχαριστώ;https://i.imgur.com/iCkGSk6.jpg;;;;
Λουόμενοι Βόλβης;  Στο καλό να πάτε;https://i.imgur.com/QlHQYgm.jpg;;;;
Πάνος;  Ευχαριστώ πολύ;https://i.imgur.com/iCkGSk6.jpg;;;;
Κα.Σουλτάνα;" Πως είστε; Είστε καλά;";https://i.imgur.com/YuklvNO.jpg;;;;
Πάνος;  Προς το καλύτερο;https://i.imgur.com/iCkGSk6.jpg;;;;
Μιχάλης;  -‘Οχιιιι!!!!!!!;https://i.imgur.com/n9Pd3IM.png;;;;
Πάνος;  Αφού οι γιατρίνες μου είπανε να πιω πικρό καφέ;https://i.imgur.com/iCkGSk6.jpg;;;;
Μιχάλης;  Έτσι είπανε Πάνο· όταν όμως τους εξήγησα καλύτερα την περίπτωση σου μου είπαν  ρίξτου 4 κουταλιές;https://i.imgur.com/n9Pd3IM.png;;;;
Πάνος;  Πια περίπτωση μου τους εξήγησες ρε;https://i.imgur.com/iCkGSk6.jpg;;;;
Μιχάλης;  Την περίπτωσή σου Πάνο. Για να μην τους πω περί έρωτος και λοιπά τους είπα ότι μερικές φορές παρουσιάζεις ένα φύσημα στην καρδιά;https://i.imgur.com/n9Pd3IM.png;;;;
Πάνος;"  Και αυτές τι είπανε;";https://i.imgur.com/iCkGSk6.jpg;;;;
Μιχάλης;  Συγκινήθηκαν.;https://i.imgur.com/n9Pd3IM.png;;;;
Μιχάλης;"  Βέβαια  γιατρίνες είναι και καταλάβανε περί τι φύσημα πρόκειται
Διότι λέει η μεγάλη μια στιγμή “Θε’μου δε μπορεί να συμβεί και σε’ μ’ενα”;";https://i.imgur.com/n9Pd3IM.png;;;;
Πάνος;"  Τι να της συμβεί;";https://i.imgur.com/iCkGSk6.jpg;;;;
Μιχάλης;  Ξέρω’ γω κάτι κάτι να της συμβεί;https://i.imgur.com/n9Pd3IM.png;;;;
Μιχάλης;  Πιες να ανέβει το ζάχαρο να αναλάβεις λίγο;https://i.imgur.com/n9Pd3IM.png;;;;
Πάνος;  Μετανιώνω;https://i.imgur.com/iCkGSk6.jpg;;;;
Μιχάλης;  Όχι Πάνο δε φταις εσύ;https://i.imgur.com/n9Pd3IM.png;;;;
Πάνος;  Πληρώνω τα λάθη μου;https://i.imgur.com/iCkGSk6.jpg;;;;
Μιχάλης;  Φταίει η ζωή που μας στήνει παγίδες;https://i.imgur.com/n9Pd3IM.png;;;;
Πάνος;  Γιατί όταν λέει ο τύπος· μου είπανε για να πάω Καβάλα πρέπει να έχω τη θάλασσα δεξιά· έπρεπε να του πω;https://i.imgur.com/iCkGSk6.jpg;;;;
Πάνος;"  ""Καλά σου’πανε γύρνα πίσω να την έχεις δεξιά""";https://i.imgur.com/iCkGSk6.jpg;;;;
Μιχάλης;"  Αντίθετα θα τον έστελνες Παναγιώτη;";https://i.imgur.com/n9Pd3IM.png;;;;
Πάνος;  Όχι ρε θα του τη χάριζα· θα ‘φτανε Πλαταμώνα θα του΄ λεγε το κορίτσι “Λάκη πάλι η θάλασσα είναι αριστερά”;https://i.imgur.com/iCkGSk6.jpg;;;;
Πάνος;  Ας πούμε ότι αυτόν τον λένε Λάκη;https://i.imgur.com/iCkGSk6.jpg;;;;
Πάνος;  Θα κατέβαινε·  θα ρώταγε· θα του λέγανε γύρνα πίσω χριστιανέ μου για να πας Καβάλα πρέπει να ‘χεις τη θάλασσα δεξιά;https://i.imgur.com/iCkGSk6.jpg;;;;
Πάνος;  Θα γύρναγε το βόιδι θα πέρναγε Θεσσαλονίκη θα έφτανε στη Βόλβη πάλι η θάλασσα αριστερά;https://i.imgur.com/iCkGSk6.jpg;;;;
Μιχάλης;  Έπρεπε να του την κάνουμε Παναγιώτη;https://i.imgur.com/n9Pd3IM.png;;;;
Πάνος;"  Ναι αλλά πετάγεσαι εσύ και του λες στην Ασπροβάλτα θα βρείτε τη θάλασσα δεξιά.
Γιατί το’ κανες αυτό το πράγμα;";https://i.imgur.com/iCkGSk6.jpg;;;;
Μιχάλης;  Διότι εμείς Παναγιώτη δεν επιθυμούμε το κακό ούτε του εχθρού μας;https://i.imgur.com/n9Pd3IM.png;;;;
Πάνος;  Εγώ το επιθυμώ ρε;https://i.imgur.com/iCkGSk6.jpg;;;;
Πάνος;  Να του ρίξω εγώ 5 δρομολόγια Βόλβη-Πλαταμώνα να του στρίψει να φουντάρει στη λίμνη η κοροϊδάρα;https://i.imgur.com/iCkGSk6.jpg;;;;
Πάνος;  Είμαστε καλοί· δε θέλουμε το κακό κανενός και μας πατάνε όλοι;https://i.imgur.com/iCkGSk6.jpg;;;;
Πάνος;"  Μετανιώνω

Μετανιώνω";https://i.imgur.com/iCkGSk6.jpg;;;;
Πάνος;  Μην το σηκώνεις;https://i.imgur.com/iCkGSk6.jpg;;;;
Μιχάλης;  Αντώνη· είχε μια ξαφνική αδιαθεσία ο Πάνος.Στεναχωρέθηκε λίγο και παρουσίασε πτώση ζαχάρου;https://i.imgur.com/n9Pd3IM.png;;;;
Μιχάλης;  Εμείς σε μια ώρα είμαστε Καβάλα· παίρνουμε το καράβι και 3 με 4 φτάνουμε Θάσο;https://i.imgur.com/n9Pd3IM.png;;;;
Πάνος;"  Τι του λες ρε;εδώ εγώ μπορεί να έχω 22 πίεση. 
Άμα δε με δει γιατρός εμένα ξεκινάω εγώ;";https://i.imgur.com/iCkGSk6.jpg;;;;
Μιχάλης;  Αντώνη· δεν μπορούμε να ξεκινήσουμε· ναι υπάρχουνε δύο γιατρίνες εδώ;https://i.imgur.com/n9Pd3IM.png;;;;
Μιχάλης;"  Τι λες Αντώνη!Πως κάνεις τέτοια σκέψη;";https://i.imgur.com/n9Pd3IM.png;;;;
Πάνος;"  Τι λέει ρε ο Πλαπούτας; Η πελοποννησιακή  λέρα; Στον καθρέφτη κοιτάζεται και τα λέει;";https://i.imgur.com/iCkGSk6.jpg;;;;
Μιχάλης;"  Τι να σου εξηγήσω Αντώνη;";https://i.imgur.com/n9Pd3IM.png;;;;
Μιχάλης;  Κάποιος έχασε το δρόμο εμείς του λέγαμε πώς να πάει και λέει αυτός “Εδώ έγινε το ιστορικό συνέδριο της Βόλβης”.;https://i.imgur.com/n9Pd3IM.png;;;;
Μιχάλης;"  Του λέω εγώ θα σας γελάσω
Τότε επενέβει ο Πάνος και αρπαχτήκανε

Ναι Αντώνη για το συνέδριο αρπαχτήκανε!!!";https://i.imgur.com/n9Pd3IM.png;;;;
Μιχάλης;  Αυτός και όρκο να του κάνεις στο ευαγγέλιο δεν πιστεύει;https://i.imgur.com/n9Pd3IM.png;;;;
Πάνος;"  Τι σου είπε;";https://i.imgur.com/iCkGSk6.jpg;;;;
Μιχάλης;"  Μου λέει “Από πότε ο Αντώνης ασχολείται με την πολιτική”;";https://i.imgur.com/n9Pd3IM.png;;;;
Μιχάλης;  Του λέω η πολιτική δε μας έδωσε εμάς να φάμε Αντώνη· άμα δε δουλέψουμε δε θα μας ταΐσει το ΠΑΣΟΚ;https://i.imgur.com/n9Pd3IM.png;;;;
Πάνος;  Καλά του τα ‘πες και του το έκλεισες και στα μούτρα;https://i.imgur.com/iCkGSk6.jpg;;;;
Μιχάλης;  Δεν το έκλεισα εγώ αυτός το έκλεισε;https://i.imgur.com/n9Pd3IM.png;;;;
Μιχάλης;  Διότι μου λέει “Δεν θα πληρώνω εγώ κινητό να ακούω τις μαλακίες σας”;https://i.imgur.com/n9Pd3IM.png;;;;
Πάνος;  Βρομόστομος · λέρα…;https://i.imgur.com/iCkGSk6.jpg;;;;
Κλυταιμνήστρα;  Καλημέρα σας;https://i.imgur.com/4Efk2Q0.png;;;;
Μιχάλης;  Καλημέρα;https://i.imgur.com/n9Pd3IM.png;;;;
Κλυταιμνήστρα;  Ελευθερώστε το δεξί χέρι;https://i.imgur.com/4Efk2Q0.png;;;;
Πάνος;  Μα εγώ…δεν έχω τίποτα;https://i.imgur.com/iCkGSk6.jpg;;;;
Κλυταιμνήστρα;  Μμμ πολύ ωραία τη στήσατε· ευχαριστώ;https://i.imgur.com/4Efk2Q0.png;;;;
Μιχάλης;  Μα δεν ήταν τίποτα για· μένα.Εγώ δεσποινίς Κλυταιμνήστρα ήμουνα στο Μηχανικό και χτίζαμε σε μια μέρα γέφυρα;https://i.imgur.com/n9Pd3IM.png;;;;
Κλυταιμνήστρα;"  Σε μια μέρα;";https://i.imgur.com/4Efk2Q0.png;;;;
Μιχάλης;  Μάλιστα και όταν πέρναγε ο στρατός την γκρεμίζαμε;https://i.imgur.com/n9Pd3IM.png;;;;
Κλυταιμνήστρα;"  Γιατί την γκρεμίζατε;";https://i.imgur.com/4Efk2Q0.png;;;;
Μιχάλης;  Για να μην περάσει και ο εχθρός;https://i.imgur.com/n9Pd3IM.png;;;;
Γιατρίνα;  12-8;https://i.imgur.com/EJ3DhNj.png;;;;
Κλυταιμνήστρα;  O μπατζανάκης σας έχει πίεση εφήβου;https://i.imgur.com/4Efk2Q0.png;;;;
Γιατρίνα;"  Φεύγετε λοιπόν;";https://i.imgur.com/EJ3DhNj.png;;;;
Πάνος;  Η οικογένεια βλέπετε;https://i.imgur.com/iCkGSk6.jpg;;;;
Κλυταιμνήστρα;  Καλημέρα;https://i.imgur.com/4Efk2Q0.png;;;;
Μιχάλης;  Καλημέρα σας;https://i.imgur.com/n9Pd3IM.png;;;;
Γιατρίνα;  Καλημέρα;https://i.imgur.com/EJ3DhNj.png;;;;
Πάνος;  Καλημέρα;https://i.imgur.com/iCkGSk6.jpg;;;;
Μιχάλης;  Τη γλιτώσαμε Πάνο· αλλά εγώ δεν έπρεπε να σταματήσω. Όταν είδες το κορίτσι και φώναξες σταμάτα έπρεπε να πατήσω γκάζι να φύγουμε;https://i.imgur.com/n9Pd3IM.png;;;;
Πάνος;"  Το κορίτσι φταίει;";https://i.imgur.com/iCkGSk6.jpg;;;;
Μιχάλης;  Αυτό σου δημιούργησε κλονισμό;https://i.imgur.com/n9Pd3IM.png;;;;
Πάνος;  Για κούνα το κεφάλι σου ρε· κλονισμό μου δημιούργησε αυτός;https://i.imgur.com/iCkGSk6.jpg;;;;
Πάνος;  Γιατί μας την έχει στημένη. Να πάμε να φεύγει αυτός το πρωί για ψαροντούφεκο και να φροντίζουμε εμείς τους γέρους;https://i.imgur.com/iCkGSk6.jpg;;;;
Μιχάλης;  Μπορεί να το έχει σκεφτεί Πάνο;https://i.imgur.com/n9Pd3IM.png;;;;
Πάνος;  Ναι αλλά δεν υπολόγισε ότι εμένα μπορεί να μου στρίψει και να πνίξω τη μάνα του στην κεντρική πλατεία;https://i.imgur.com/iCkGSk6.jpg;;;;
Μιχάλης;"  Ραδιόφωνο έχετε;";https://i.imgur.com/n9Pd3IM.png;;;;
Κα.Σουλτάνα; CD;https://i.imgur.com/YuklvNO.jpg;;;;
Μιχάλης;  Και πάλι καλημέρα σας;https://i.imgur.com/n9Pd3IM.png;;;;
Κα.Σουλτάνα; Καλημέρα σας;https://i.imgur.com/YuklvNO.jpg;;;;
Κα.Αρχοντούλα;  Χιχιχι;https://i.imgur.com/YuklvNO.jpg;;;;
Μιχάλης;  Πάνο ας τον τον Αντώνη στο Θεό. Εμείς να γυρίσουμε στις οικογένειες μας;https://i.imgur.com/n9Pd3IM.png;;;;
Πάνος;"   Θα πηγαίνει στα καράβια και θα ρωτάει τον άγνωστο κόσμο
“Μήπως είδατε τα μπατζανάκια μου”;";https://i.imgur.com/iCkGSk6.jpg;;;;
Πάνος;"   Και κανένας δεν θα ξέρει να του πει
Θα γυρνάει μόνος στο σπίτι σαν το σκυλί";https://i.imgur.com/iCkGSk6.jpg;;;;
Πάνος;   Θα τον φτάσω εγώ να κλονιστεί η υγεία του;https://i.imgur.com/iCkGSk6.jpg;;;;
Μιχάλης;   Πάνο αυτός για να εκδικηθεί θα στέλνει στα καράβια τη Μαρίκα και τη Γεωργία;https://i.imgur.com/n9Pd3IM.png;;;;
Πάνος;"   Τις γυναίκες μας;";https://i.imgur.com/iCkGSk6.jpg;;;;
Μιχάλης;"   Ναι Πάνο και θα ρωτάνε τον άγνωστο κόσμο και κανένας δεν θα ξέρει να τους πει
Και θα γυρνάνε στο σπίτι τα μεσάνυχτα και τα παιδιά θα κλαίνε";https://i.imgur.com/n9Pd3IM.png;;;;
Μιχάλης;   Και αυτός θα γελάει κρυφά και δεν θα πάθει τίποτα η υγεία του;https://i.imgur.com/n9Pd3IM.png;;;;
Πάνος;"   Λες να μας τη φέρει έτσι;";https://i.imgur.com/iCkGSk6.jpg;;;;
Μιχάλης;   Πάνο· ο Αντώνης μεγάλωσε μέσα στο ΠΑΣΟΚ αυτά τους τα μαθαίνουν απ’το πρώτο μάθημα;https://i.imgur.com/n9Pd3IM.png;;;;
Πάνος;   Μπα πα πα πα;https://i.imgur.com/iCkGSk6.jpg;;;;
Μιχάλης;   Όμως σκέφτομαι Παναγιώτη ότι δεν είναι και τόσο κακός;https://i.imgur.com/n9Pd3IM.png;;;;
Μιχάλης;   Δουλεύει όλη μέρα στο κόμμα· το βράδυ πουλάει λάδι· τα Σαββατοκύριακα διαβάζει βιβλία;https://i.imgur.com/n9Pd3IM.png;;;;
Μιχάλης;"   Ποιος δουλεύει έτσι;";https://i.imgur.com/n9Pd3IM.png;;;;
Πάνος;   Κονομάει!;https://i.imgur.com/iCkGSk6.jpg;;;;
Μιχάλης;   Κονομάει αλλά και εμάς μας έχει δανείσει και του λέμε όλο τον άλλο μήνα θα τα πάρει;https://i.imgur.com/n9Pd3IM.png;;;;
Πάνος;"   Γιατί δεν θα τα πάρει;";https://i.imgur.com/iCkGSk6.jpg;;;;
Μιχάλης;"   Θα τα πάρει αλλά τον έχουμε καθυστερήσει
Και είδες ότι είπαμε να του ζητήσουμε και τώρα ένα δάνειο και να τα πάρει όλα μαζί";https://i.imgur.com/n9Pd3IM.png;;;;
Πάνος;"   Τον συμφέρει γιατί άμα τα πάρει όλα μαζί· μπαπ θα τα ρίξει κάπου και θα φανούνε
Λίγα-λίγα τα λεφτά δε φαίνονται";https://i.imgur.com/iCkGSk6.jpg;;;;
Μιχάλης;   Ένα βράδυ πήγα στο γραφείο του· τον είδα και πρέπει να με πιστέψεις Πάνο τον είδα σε μία καρέκλα μόνο του;https://i.imgur.com/n9Pd3IM.png;;;;
Μιχάλης;   Και σκέφτηκα: Αυτός ο άνθρωπος μπορεί να γεννήθηκε και για κάτι ανώτερο;https://i.imgur.com/n9Pd3IM.png;;;;
Πάνος;   Έρχεται πάλι;https://i.imgur.com/iCkGSk6.jpg;;;;
Μιχάλης;"   Τι έρχεται Πάνο;";https://i.imgur.com/n9Pd3IM.png;;;;
Πάνος;   Η σκέψη της. Προσπαθώ να τη βγάλω απτό μυαλό μου αλλά έρχεται;https://i.imgur.com/iCkGSk6.jpg;;;;
Μιχάλης;"   Πως έρχεται Παναγιώτη;";https://i.imgur.com/n9Pd3IM.png;;;;
Πάνος;   Τh βλέπω μπροστά μου · με κοιτάει;https://i.imgur.com/iCkGSk6.jpg;;;;
Μιχάλης;"   -Σε κοιτάει;";https://i.imgur.com/n9Pd3IM.png;;;;
Πάνος;   Ναι.;https://i.imgur.com/iCkGSk6.jpg;;;;
Πάνος;"   Εγώ τώρα γυρίζω το κεφάλι μου έτσι; Κανονικά εδώ πρέπει να ‘ναι η λίμνη
Ε δε βλέπω τη λίμνη";https://i.imgur.com/iCkGSk6.jpg;;;;
Μιχάλης;"   Δε βλέπεις τη λίμνη; Ολόκληρη λίμνη δεν τη βλέπεις ρε Πάνο;";https://i.imgur.com/n9Pd3IM.png;;;;
Πάνος;   Όχι;https://i.imgur.com/iCkGSk6.jpg;;;;
Μιχάλης;"   Τι βλέπεις;";https://i.imgur.com/n9Pd3IM.png;;;;
Πάνος;   Βλέπω αυτήν;https://i.imgur.com/iCkGSk6.jpg;;;;
Μιχάλης;   Ε λοιπόν δεν πάμε πουθενά. Θα κοιμηθείς τουλάχιστον 5 ώρες;https://i.imgur.com/n9Pd3IM.png;;;;
Μιχάλης;   Με την κυρία γιατρίνα θα κοιτάξω για ένα καλό ψάρι ένα γουλιανό ή ένα κυπρίνο;https://i.imgur.com/n9Pd3IM.png;;;;
Μιχάλης;   Θα τον κάνουμε ψητό με λαδολέμονο· να σηκωθείς να φας ώσπου να αναλάβεις δυνάμεις;https://i.imgur.com/n9Pd3IM.png;;;;
Μιχάλης;   Και σούρουπο πλέον να ξεκινήσουμε για τις οικογένειες μας.;https://i.imgur.com/n9Pd3IM.png;;;;
Πάνος;"   Είμαι ανεβασμένος εγώ;";https://i.imgur.com/iCkGSk6.jpg;;;;
Κα.Σουλτάνα;  Όχι κύριε Πάνο;https://i.imgur.com/YuklvNO.jpg;;;;
Πάνος;"   Λοιπόν;";https://i.imgur.com/iCkGSk6.jpg;;;;
Πάνος;   Μιχάληηηη!!!!!;https://i.imgur.com/iCkGSk6.jpg;;;;
Μιχάλης;"   Ναι Πάνο;";https://i.imgur.com/n9Pd3IM.png;;;;
Πάνος;   Να’ρχεσαι κάθε πέντε λεφτά να με βλέπεις;https://i.imgur.com/iCkGSk6.jpg;;;;
Μιχάλης;"   Γιατί να έρχομαι Παναγιώτη;";https://i.imgur.com/n9Pd3IM.png;;;;
Πάνος;   Για να βλέπεις άμα ζω;https://i.imgur.com/iCkGSk6.jpg;;;;
Μιχάλης;   Αντώνη ·ναι Αντώνη. Σε πήρα για να σου πω αυτό το πράγμα· διότι η κατάσταση είναι σοβαρή και δεν μπορώ να τα βγάλω πέρα μόνος μου;https://i.imgur.com/n9Pd3IM.png;;;;
Μιχάλης;   Για το συνέδριο μαλώσανε ρε Αντώνη πόσες φορές να το πω;https://i.imgur.com/n9Pd3IM.png;;;;
Μιχάλης;   Και όπως μαλώνανε για το συνέδριο αυτός εν τω μεταξύ είχε μαζί του μια μικρή και της πιάνει ο Πάνος μια συζήτηση;https://i.imgur.com/n9Pd3IM.png;;;;
Μιχάλης;"   Και τσαντίζεται αυτός και την παίρνει και φεύγουνε.
Και του στοίχισε αυτό το πράγμα του Πάνου.";https://i.imgur.com/n9Pd3IM.png;;;;
Μιχάλης;"   Τι να σου πω· να σου πω ότι τον χάνουμε;";https://i.imgur.com/n9Pd3IM.png;;;;
Λουόμενοι Βόλβης;"  Είναι ανάγκη να σας γνωρίσω έναν μεγάλο επιστήμονα.
Ο Καθηγητής Πετζερόπουλος· διδάκτορ Ψυχολογίας του Πανεπιστημίου της Ουάσινγκτον";https://i.imgur.com/QlHQYgm.jpg;;;;
Μιχάλης;  Χαίρω πολύ;https://i.imgur.com/n9Pd3IM.png;;;;
Λουόμενοι Βόλβης;  Κύριε Μιχάλη εκ μέρους των ΚΑΠΗ Μακεδονίας-Θράκης σας συγχαίρουμε που ψαρέψατε 100κιλά ψάρι;https://i.imgur.com/QlHQYgm.jpg;;;;
Μιχάλης;  Πέσαμε σε κοπάδι;https://i.imgur.com/n9Pd3IM.png;;;;
Λουόμενοι Βόλβης;  Χαχαχαχαχαχαχα;https://i.imgur.com/QlHQYgm.jpg;;;;
Λουόμενοι Βόλβης;  Να σας συγχαρούμε επίσης για την ποιότητα του γεύματος;https://i.imgur.com/QlHQYgm.jpg;;;;
Λουόμενοι Βόλβης;  Πίνουμε για την ταχεία ανάρρωση του εκλεκτού μπατζανάκη σας· πίνουμε για την καλή υγεία των λουομένων;https://i.imgur.com/QlHQYgm.jpg;;;;
Πάνος;  Ψαριιιι!!!!;https://i.imgur.com/iCkGSk6.jpg;;;;
Μιχάλης;  Αμέσως Πάνο καθαρίζεται· άνοιξε η όρεξη σου και αυτό είναι δείγμα ότι πας καλύτερα;https://i.imgur.com/n9Pd3IM.png;;;;
Δρ.Πετσερόπουλος;  Μην ανησυχείτε για το συγγενή σας· παρουσιάζει μια απλή διαταραχή του ελέγχου των παρορμήσεων;https://i.imgur.com/uKLGA8f.png;;;;
Μιχάλης;  Μάλιστα;https://i.imgur.com/n9Pd3IM.png;;;;
Δρ.Πετσερόπουλος;  Παραδείγματος χάριν:;https://i.imgur.com/uKLGA8f.png;;;;
Δρ.Πετσερόπουλος;"  Ένας άνθρωπος ερωτεύεται γυναίκα· θα καταστραφεί στη γοητεία της ή θα ελέγξει την παρόρμηση;";https://i.imgur.com/uKLGA8f.png;;;;
Μιχάλης;  Θα ελέγξει την παρόρμηση;https://i.imgur.com/n9Pd3IM.png;;;;
Λουόμενοι Βόλβης;  Μπράβο· μπράβο κύριε Μιχάλη;https://i.imgur.com/QlHQYgm.jpg;;;;
Δρ.Πετσερόπουλος;  Το πρόσωπο αυτό σε πρώτο στάδιο θα παρουσιάσει απώλεια οράσεως;https://i.imgur.com/uKLGA8f.png;;;;
Μιχάλης;"  Παρουσιάζει κύριε καθηγητά διότι μου λέει εδώ πρέπει να είναι η λίμνη δεν τη βλέπω και του λέω εγώ· ολόκληρη λίμνη δεν τη βλέπεις ρε Πάνο;";https://i.imgur.com/n9Pd3IM.png;;;;
Δρ.Πετσερόπουλος;  Δεν τη βλέπει· βλέπει το πρόσωπο της γυναίκας που τον οδηγεί στην καταστροφή. Για να σωθεί πρέπει να την πνίξει στη λίμνη;https://i.imgur.com/uKLGA8f.png;;;;
Δρ.Πετσερόπουλος;  Αν όχι την ίδια μια οποιαδήποτε γυναίκα;https://i.imgur.com/uKLGA8f.png;;;;
Μιχάλης;  Θεέ μου;https://i.imgur.com/n9Pd3IM.png;;;;
Λουόμενοι Βόλβης;"  Ε βουζε λε βουζερβιεγ λετα μπιουγ κετα γε σουν;";https://i.imgur.com/QlHQYgm.jpg;;;;
Λουόμενοι Βόλβης;"  Η δόκτωρ Σύλβια ερωτά θα χρησιμοποιήσετε τη μέθοδο της προπαίδειας;";https://i.imgur.com/QlHQYgm.jpg;;;;
Δρ.Πετσερόπουλος;  Ακριβώς· θα αρχίσω από την ανώτερη κλίμακα 9Χ9 και θα κατέβω.Εάν δεν απαντήσει στο κρίσιμο 3Χ3..;https://i.imgur.com/uKLGA8f.png;;;;
Μιχάλης;"  Τότε τι γίνεται κύριε καθηγητά;";https://i.imgur.com/n9Pd3IM.png;;;;
Δρ.Πετσερόπουλος;  Δυστυχώς;https://i.imgur.com/uKLGA8f.png;;;;
Μιχάλης;  Έχει οικογένεια;https://i.imgur.com/n9Pd3IM.png;;;;
Δρ.Πετσερόπουλος;  Ας αρχίσουμε από τη μέση.Ρωτήστε τον παρακαλώ 5Χ5;https://i.imgur.com/uKLGA8f.png;;;;
Μιχάλης;  Πάνο!!!;https://i.imgur.com/n9Pd3IM.png;;;;
Πάνος;  Ψααάριιιι!!;https://i.imgur.com/iCkGSk6.jpg;;;;
Κα.Σουλτάνα;" Κύριε Πάνο μου;";https://i.imgur.com/YuklvNO.jpg;;;;
Μιχάλης;"  Καθαρίζεται Πάνο υπομονή· πέντε πέντε;";https://i.imgur.com/n9Pd3IM.png;;;;
Πάνος;  Σαράντα;https://i.imgur.com/iCkGSk6.jpg;;;;
Λουόμενοι Βόλβης;  Ωωωωωω;https://i.imgur.com/QlHQYgm.jpg;;;;
Μιχάλης;  Αλιμονό μου;https://i.imgur.com/n9Pd3IM.png;;;;
Δρ.Πετσερόπουλος;  Μην απελπίζεστε 4Χ4;https://i.imgur.com/uKLGA8f.png;;;;
Μιχάλης;"  Πάνο· τέσσερα τέσσερα;";https://i.imgur.com/n9Pd3IM.png;;;;
Πάνος;  Δεκαοκτώ;https://i.imgur.com/iCkGSk6.jpg;;;;
Λουόμενοι Βόλβης;  Αααααααα;https://i.imgur.com/QlHQYgm.jpg;;;;
Μιχάλης;  Κάπως καλύτερα;https://i.imgur.com/n9Pd3IM.png;;;;
Δρ.Πετσερόπουλος;  Και τώρα το κρίσιμο 3Χ3;https://i.imgur.com/uKLGA8f.png;;;;
Μιχάλης;"  Πάνο· τρία τρία;";https://i.imgur.com/n9Pd3IM.png;;;;
Πάνος;  Εννιά;https://i.imgur.com/iCkGSk6.jpg;;;;
Λουόμενοι Βόλβης;  Ααααααααααααα Μπράβο μπράβο;https://i.imgur.com/QlHQYgm.jpg;;;;
Μιχάλης;  Σας ευχαριστούμε πολύ· ευχαριστούμε;https://i.imgur.com/n9Pd3IM.png;;;;
Μιχάλης;  Μουσική.;https://i.imgur.com/n9Pd3IM.png;;;;
Μιχάλης;  Όταν μπήκες κάτω από το φορτηγό και έβαλές την πλάτη να σηκώσεις την καμπάνα είπα:;https://i.imgur.com/n9Pd3IM.png;;;;
Μιχάλης;  Αυτός ο άνθρωπος κρατάει γυναίκα· 3 παιδιά· γέρο πατέρα· άρρωστη αδερφή· εμένα· τους φίλους του· τον ΠΑΟΚ και η ζωή πως τον πληρώνει;https://i.imgur.com/n9Pd3IM.png;;;;
Μιχάλης;  Με ψίχουλα· με τίποτα. Αυτό είπα;https://i.imgur.com/n9Pd3IM.png;;;;
Πάνος;  Α παράτα μας ρε;https://i.imgur.com/iCkGSk6.jpg;;;;
Μιχάλης;  Θα’ρθει μια μέρα που η ζωή θα αλλάξει.Εμείς δεν θα υπάρχουμε τότε αλλά δεν πειράζει· αρκεί που θα μας σκεφτούν;https://i.imgur.com/n9Pd3IM.png;;;;
Μιχάλης;  Θα θυμηθούν πως ζήσαμε και’μεις κάποτε;https://i.imgur.com/n9Pd3IM.png;;;;
Πάνος;  Κέρασέ τον να σταματήσει;https://i.imgur.com/iCkGSk6.jpg;;;;
Μιχάλης;  Θα ανοίξουμε το μαγαζί στις γυναίκες.Άμα κονομάνε αυτές δε θα μας δίνουνε σημασία και εμείς θα ζήσουμε μια ζωή που δεν τη φανταζόμαστε;https://i.imgur.com/n9Pd3IM.png;;;;
Μιχάλης;  Μου λένε προχθές “Σας πίνει το αίμα ο Ψωμιάδης” και λέει η Ελένη “Και τα παιδιά σας δεν έχουν δεύτερο πουκάμισο”;https://i.imgur.com/n9Pd3IM.png;;;;
Πάνος;"  Τι είπε η Ελένη;";https://i.imgur.com/iCkGSk6.jpg;;;;
Μιχάλης;  Αυτή Πάνο παρασέρνει τις δικές μας;https://i.imgur.com/n9Pd3IM.png;;;;
Πάνος;  Δεν της έλεγες· εσένα ο Αντώνης σου τα φέρνει από δέκα μεριές δε λες και ένα ευχαριστώ;https://i.imgur.com/iCkGSk6.jpg;;;;
Μιχάλης;  Το’πα Πάνο και μου απαντάει “Αν ο Αντώνης είχε μυαλό δεν θα έτρεχε για το κόμμα· θα’ταν τώρα υπουργός σαν το Τζουμάκα”;https://i.imgur.com/n9Pd3IM.png;;;;
Πάνος;"  Δεν πάει στην Ιταλία και ντύνεται;";https://i.imgur.com/iCkGSk6.jpg;;;;
Μιχάλης;"  Ολόκληρη Θεσσαλονίκη δεν έχει ρούχα;";https://i.imgur.com/n9Pd3IM.png;;;;
Πάνος;  Και ο μαλάκας της τ’ακουμπάει.Κανονικά αυτόν τον άνθρωπο πρέπει να τον κηρύξουν Άγιο;https://i.imgur.com/iCkGSk6.jpg;;;;
Μιχάλης;"  Πάνο επειδή σταμάτησε το μυαλό μου· μην τυχόν θυμάσαι πόσο κάνει έξι έξι;";https://i.imgur.com/n9Pd3IM.png;;;;
Πάνος;  Τριάνταέξι;https://i.imgur.com/iCkGSk6.jpg;;;;
Μιχάλης;"  Επτά επτά;";https://i.imgur.com/n9Pd3IM.png;;;;
Πάνος;  Πενήνταεννια;https://i.imgur.com/iCkGSk6.jpg;;;;
Αντώνης;"  Υπάρχει εδώ αναψυκτήριο;";https://i.imgur.com/PAmhjDJ.png;;;;
Κα.Σουλτάνα; Υπάρχει κύριε αλλά δεν άνοιξε ακόμη· όπως βλέπεται κι’εσείς ξημερώνει και εμείς είμαστε μόνες;https://i.imgur.com/YuklvNO.jpg;;;;
Κα.Σουλτάνα;" Μήπως θέλετε και λίγη μουσική;";https://i.imgur.com/YuklvNO.jpg;;;;
Αντώνης;"  Έχετε την Κάρμινα Μπουράνα;";https://i.imgur.com/PAmhjDJ.png;;;;
Κα.Σουλτάνα; Έχουμε την Άντζελα την Καιτούλα Γαρμπή;https://i.imgur.com/YuklvNO.jpg;;;;
Αντώνης;  Όχι!!!;https://i.imgur.com/PAmhjDJ.png;;;;
Κα.Σουλτάνα; Μάλιστα;https://i.imgur.com/YuklvNO.jpg;;;;
Κα.Σουλτάνα; Εμείς ήρθαμε πρωί διότι ο κύριος Πάνος μόλις ξυπνήσει θέλει αμέσως μουσική;https://i.imgur.com/YuklvNO.jpg;;;;
Αντώνης;"  Αααα και τι μουσική θέλει ο κύριος Πάνος;";https://i.imgur.com/PAmhjDJ.png;;;;
Κα.Σουλτάνα;" Προτιμά κύριο Μελλά· κύριο Σφακιανάκη και κύριο Καρρά
Διότι του συνέβη κάτι που επέδρασε στην ψυχή του";https://i.imgur.com/YuklvNO.jpg;;;;
Αντώνης;"  Τι επέδρασε στην ψυχή του;";https://i.imgur.com/PAmhjDJ.png;;;;
Κα.Σουλτάνα; Λένε ότι ίσως ο άτυχος έρωτάς του για μια μικρή κυρία· αυτή η μικρή κυρία παρουσιάζεται μπροστά του και τον οδηγεί στην καταστροφή;https://i.imgur.com/YuklvNO.jpg;;;;
Αντώνης;"  Στην καταστροφή;";https://i.imgur.com/PAmhjDJ.png;;;;
Κα.Σουλτάνα; Για να σωθεί πρέπει να την πνίξει μέσα στη λίμνη;https://i.imgur.com/YuklvNO.jpg;;;;
Αντώνης;"  Τη μικρή κυρία;";https://i.imgur.com/PAmhjDJ.png;;;;
Κα.Σουλτάνα; Μάλιστα και αν δεν μπορεί να πνίξει αυτή να πνίξει μία άλλη κυρία;https://i.imgur.com/YuklvNO.jpg;;;;
Κα.Σουλτάνα;" Οι κυρίες όμως εδώ δεν φοβόμαστε· έτσι Αρχοντούλα; Διότι…..";https://i.imgur.com/YuklvNO.jpg;;;;
Αντώνης;  Διότι;https://i.imgur.com/PAmhjDJ.png;;;;
Κα.Σουλτάνα; Διότι ο κύριος Πάνος θα πνίξει τη μητέρα του μπατζανάκη του;https://i.imgur.com/YuklvNO.jpg;;;;
Κα.Αρχοντούλα;  Χιχιχιχιχιχι;https://i.imgur.com/YuklvNO.jpg;;;;
Πάνος;  Τα’ χω με τον εαυτό μου!!!!!;https://i.imgur.com/iCkGSk6.jpg;;;;
Κα.Σουλτάνα; Ξύπνησε !! Ξύπνησε!!!;https://i.imgur.com/YuklvNO.jpg;;;;
Πάνος;  Τα’χω με τον εαυτό μου · που ακόμα σ’αγαπώ ·σα σκουπίδι αυτού του δρόμου·το δικό μου το εγώ;https://i.imgur.com/iCkGSk6.jpg;;;;
Μιχάλης;"   Αντώνη έχεις έρθει ώρα; Γιατί δεν μας ξύπναγες Αντώνη;";https://i.imgur.com/n9Pd3IM.png;;;;
Αντώνης;  Ώστε έτσι κύριε Πάνο θα πνίξεις τη μάνα μου στη λίμνη;https://i.imgur.com/PAmhjDJ.png;;;;
Πάνος;"  Τι λέει;";https://i.imgur.com/iCkGSk6.jpg;;;;
Αντώνης;"  Γιατί δεν πέφτεις εσύ να πνιγείς;";https://i.imgur.com/PAmhjDJ.png;;;;
Πάνος;  Α παράτα μας ρε βλάχο· αγροκαλλιεργητή;https://i.imgur.com/iCkGSk6.jpg;;;;
Αντώνης;  Να κάνεις και ένα καλό στην ανθρωπότητα;https://i.imgur.com/PAmhjDJ.png;;;;
Πάνος;  Λέρες της Πελοποννήσου· σας μαζέψαμε εδώ χάμω και τρώτε το ψωμί του κοσμάκη;https://i.imgur.com/iCkGSk6.jpg;;;;
Μιχάλης;  Αντώνη ο Πάνος δεν έχει ιδέα για πνιγμούς αυτά είναι λόγια του κυρίου καθηγητή;https://i.imgur.com/n9Pd3IM.png;;;;
Αντώνης;"  Ποιος είναι ο κύριος καθηγητής;";https://i.imgur.com/PAmhjDJ.png;;;;
Μιχάλης;  Διδάκτωρ Πανεπιστημίου Ουάσινγκτον;https://i.imgur.com/n9Pd3IM.png;;;;
Αντώνης;"  Αυτοί τρελαίνουν μητροπολίτη μαντάμ· εγώ θα γλιτώσω;";https://i.imgur.com/PAmhjDJ.png;;;;
Αντώνης;  Μπορείτε να μου πείτε ξεκάθαρα τι έχει συμβεί;https://i.imgur.com/PAmhjDJ.png;;;;
Μιχάλης;  Κοίτα Αντώνη εμείς προσπεράσαμε κανονικά· αλλά αυτός εν τω μεταξύ έχει σταματήσει.;https://i.imgur.com/n9Pd3IM.png;;;;
Μιχάλης;  Κατεβαίνουνε λέει εδώ έγινε το ιστορικό συνέδριο της Βόλβης· του λέω εγώ θα σας γελάσω;https://i.imgur.com/n9Pd3IM.png;;;;
Αντώνης;  Αυτός ο τύπος δεν έχει ιδέα από ιστορία· δεν έγινε εδώ το συνέδριο;https://i.imgur.com/PAmhjDJ.png;;;;
Πάνος;"  Ποιος το λέει αυτό εσύ;";https://i.imgur.com/iCkGSk6.jpg;;;;
Μιχάλης;  Πάνο στο κόμμα ρωτάνε τον Αντώνη για θέματα ιστορικά;https://i.imgur.com/n9Pd3IM.png;;;;
Μιχάλης;  Θυμάσαι τι είπε ο Καστανίδης “Ο Αντώνης είναι ο Παπαρρηγόπουλος του ΠΑΣΟΚ”;https://i.imgur.com/n9Pd3IM.png;;;;
Αντώνης;  Το 1979 στην Κασσάνδρα Χαλκιδικής έγινε το 2ο συνέδριο της Νέας Δημοκρατίας;https://i.imgur.com/PAmhjDJ.png;;;;
Πάνος;  Χεστήκαμε;https://i.imgur.com/iCkGSk6.jpg;;;;
Αντώνης;  Το μεσημέρι της 5ης Μαρτίου οι νεολαίοι του κόμματος έφαγαν εδώ ψάρια;https://i.imgur.com/PAmhjDJ.png;;;;
Αντώνης;  Μετά το γεύμα ο νεολαίος τότε Βαγγέλης Μεϊμαράκης  τους διάβασε προκήρυξη;https://i.imgur.com/PAmhjDJ.png;;;;
Αντώνης;  Η Νέα Δημοκρατία· έλεγε η προκήρυξη· πρέπει να μετατραπεί από κόμμα αρχηγικό σε κόμμα αρχών;https://i.imgur.com/PAmhjDJ.png;;;;
Αντώνης;  Αυτή η κίνηση η επονομαζόμενη “Κίνηση της Βόλβης” έμελλε να παίξει καταλυτικό ρόλο στις εξελίξεις;https://i.imgur.com/PAmhjDJ.png;;;;
Πάνος;"  Δε μου λες αυτοί στην Κασσάνδρα δε μένανε;";https://i.imgur.com/iCkGSk6.jpg;;;;
Αντώνης;  Στην Κασσάνδρα;https://i.imgur.com/PAmhjDJ.png;;;;
Πάνος;"  Γιατί φάγανε εδώ και ανακατέψανε τη Βόλβη;";https://i.imgur.com/iCkGSk6.jpg;;;;
Αντώνης;  Αυτό δεν έχει διευκρινιστεί;https://i.imgur.com/PAmhjDJ.png;;;;
Μιχάλης;  Αντώνη έπρεπε να ζητήσετε εξηγήσεις;https://i.imgur.com/n9Pd3IM.png;;;;
Πάνος;  Ποιος να ζητήσει εξηγήσεις ρε· αυτοί είναι ίδιοι;https://i.imgur.com/iCkGSk6.jpg;;;;
Αντώνης;"  ΠΑΣΟΚ με Νέα Δημοκρατία;";https://i.imgur.com/PAmhjDJ.png;;;;
Πάνος;  Απ΄το ίδιο βαρέλι;https://i.imgur.com/iCkGSk6.jpg;;;;
Αντώνης;  Ντρέπομαι για λογαριασμό σου;https://i.imgur.com/PAmhjDJ.png;;;;
Πάνος;  Στην Κασσάνδρα κατουράτε· στη Βόλβη την πετάτε;https://i.imgur.com/iCkGSk6.jpg;;;;
Αντώνης;  Όταν κάνουμε σοβαρή συζήτηση μπαίνεις και τη χέζεις;https://i.imgur.com/PAmhjDJ.png;;;;
Πάνος;"  Εγώ τη χέζω;";https://i.imgur.com/iCkGSk6.jpg;;;;
Αντώνης;  Εσύ και ειρωνεύεσαι το Μιχάλη που’χει θυσιαστεί για σένα χίλιες φορές;https://i.imgur.com/PAmhjDJ.png;;;;
Πάνος;"  Μπορείς να μας αναφέρεις μία ως παράδειγμα;";https://i.imgur.com/iCkGSk6.jpg;;;;
Αντώνης;"  Όταν είδανε το βίντεο στην αστυνομία και ψάχναν να σε συλλάβουνε· δεν παρουσιάστηκε ο Μιχάλης και είπε “εγώ το έκανα”;";https://i.imgur.com/PAmhjDJ.png;;;;
Αντώνης;"  Και του λένε μας κοροϊδεύεις; Δε βλέπεις ότι τραβάς το μπατζανάκη σου μην πνίξει το διαιτητή;";https://i.imgur.com/PAmhjDJ.png;;;;
Αντώνης;  Και λέει· “Ναι· τον τραβάω και αναγκάζεται και πιάνεται από το λαιμό του”;https://i.imgur.com/PAmhjDJ.png;;;;
Πάνος;"  Ρε ο διαιτητής τα’ χε αρπάξει;";https://i.imgur.com/iCkGSk6.jpg;;;;
Αντώνης;"  Σας έδωσε δυο πέναλτι;Άμα τρώτε τρία γκολ ο διαιτητής φταίει;";https://i.imgur.com/PAmhjDJ.png;;;;
Πάνος;"  Ήταν ανατροπή στο 90’;";https://i.imgur.com/iCkGSk6.jpg;;;;
Αντώνης;"  Τρία μέτρα έξω απτη μεγάλη περιοχή;";https://i.imgur.com/PAmhjDJ.png;;;;
Πάνος;"  Ρε θα μας τρελάνεις;";https://i.imgur.com/iCkGSk6.jpg;;;;
Πάνος;"  Του βάζει τάκλιν ο Μανωλάς πετάγεται ο Σκαρτάδος· διασχίζει τρία μέτρα στον αέρα και σκάει μες στην περιοχή;";https://i.imgur.com/iCkGSk6.jpg;;;;
Αντώνης;  Πουλί ήτανε!!!!!;https://i.imgur.com/PAmhjDJ.png;;;;
Πάνος;"  Και μένει το παιδί πεθαμένο στη λάσπη και πάει αυτός και του δείχνει κάρτα ότι δήθεν παίζει θέατρο;";https://i.imgur.com/iCkGSk6.jpg;;;;
Πάνος;"  Και ζει ακόμα; !!!!!";https://i.imgur.com/iCkGSk6.jpg;;;;
Πάνος;  Ήρθαν οι αγροκαλλιεργητές από τη Λακωνία να μας πούνε τι είναι πέναλτι;https://i.imgur.com/iCkGSk6.jpg;;;;
Κα.Σουλτάνα;" Ήτανε πέναλτι κύριε Πάνο;";https://i.imgur.com/YuklvNO.jpg;;;;
Πάνος;  Ο ορισμός του πέναλτι κυρία μου;https://i.imgur.com/iCkGSk6.jpg;;;;
Πάνος;  Αλλά η Θεσσαλονίκη πρέπει να ανοίξει τελωνείο;https://i.imgur.com/iCkGSk6.jpg;;;;
Πάνος;"  Τι γράφει το διαβατήριο σου κύριε· Λακωνία;
Δε μπαίνεις!!!!! Δε Μπαίνεις!!!!!!!!!";https://i.imgur.com/iCkGSk6.jpg;;;;
Πάνος;  Δε Μπαίνεις !!!!!!!!!!!!!!!!;https://i.imgur.com/iCkGSk6.jpg;;;;
Μιχάλης;  Φοβάμαι Αντώνη από τότε που είπανε ότι η Μυρτώ πρέπει να νοσηλευτεί σε ψυχιατρείο· κάθεται στο μαγαζί πολλές ώρες ακίνητος;https://i.imgur.com/n9Pd3IM.png;;;;
Αντώνης;"  Τι ακριβώς συνέβη με το κορίτσι;";https://i.imgur.com/PAmhjDJ.png;;;;
Μιχάλης;  Εμείς προσπεράσαμε κανονικά και βγαίνει από τη Mercedes.Φωνάζει ο Πάνος σταμάτα;https://i.imgur.com/n9Pd3IM.png;;;;
Μιχάλης;  Ακόμα και’γω που δεν έπαθα τίποτα λυγίσανε τα πόδια μου;https://i.imgur.com/n9Pd3IM.png;;;;
Αντώνης;"  Τόσο όμορφη ήτανε;";https://i.imgur.com/PAmhjDJ.png;;;;
Μιχάλης;"  Όμορφη; Εγώ σου λέω ότι μπορεί να μην ήταν και πραγματική";https://i.imgur.com/n9Pd3IM.png;;;;
Αντώνης;"  Και τι να ήτανε;";https://i.imgur.com/PAmhjDJ.png;;;;
Μιχάλης;"  Ξέρω γω;";https://i.imgur.com/n9Pd3IM.png;;;;
Αντώνης;  Θεέ μου;https://i.imgur.com/PAmhjDJ.png;;;;
Μιχάλης;  Πάνο· άστον να χαρεί τον κακόμοιρο· βασανισμένο είναι κι’αυτό;https://i.imgur.com/n9Pd3IM.png;;;;
Πάνος;"  Ρε· καταλαβαίνεις τι λες; Άμα χαρεί το βασανισμένο εμείς θα ταΐζουμε άλλα 5 στόματα";https://i.imgur.com/iCkGSk6.jpg;;;;
Μιχάλης;  Δε φαίνεται να είναι σοβαρό;https://i.imgur.com/n9Pd3IM.png;;;;
Πάνος;"  Δεν είναι σοβαρό;";https://i.imgur.com/iCkGSk6.jpg;;;;
Πάνος;"  Εδώ είδαμε και πάθαμε εμείς να σωθούμε από γυναίκα και θα γλιτώσει ο βλάχος;";https://i.imgur.com/iCkGSk6.jpg;;;;
Μιχάλης;  Κι’ αν δεν έχουν περάσει γυναίκες απ’ τα χέρια σου Πάνο!;https://i.imgur.com/n9Pd3IM.png;;;;
Πάνος;"  Λοιπόν;";https://i.imgur.com/iCkGSk6.jpg;;;;
Μιχάλης;  Να προλάβουμε Πάνο;https://i.imgur.com/n9Pd3IM.png;;;;
Πάνος;  Αυτός έχει παιδί και στη Γερμανία και στη Σουηδία· άμα πλησιάσει γυναίκα τη στέλνει στην κλινική;https://i.imgur.com/iCkGSk6.jpg;;;;
Μιχάλης;"  Εννοείς ότι κινδυνεύει και η Κλυταιμνήστρα;";https://i.imgur.com/n9Pd3IM.png;;;;
Πάνος;"  Αυτή;";https://i.imgur.com/iCkGSk6.jpg;;;;
Πάνος;  Αυτή θα πιάσει με το ακούμπημα;https://i.imgur.com/iCkGSk6.jpg;;;;
Πάνος;"  Αντώνη· μπορούμε να σε απασχολήσουμε ένα λεπτό;";https://i.imgur.com/iCkGSk6.jpg;;;;
Κλυταιμνήστρα;   Αντώνη!!!! OYOY!!!;https://i.imgur.com/4Efk2Q0.png;;;;
Αντώνης;   OYOY!!!!;https://i.imgur.com/PAmhjDJ.png;;;;
Πάνος;   ουου;https://i.imgur.com/iCkGSk6.jpg;;;;
Μιχάλης;   ουου;https://i.imgur.com/n9Pd3IM.png;;;;
Αντώνης;"   Λοιπόν;";https://i.imgur.com/PAmhjDJ.png;;;;
Πάνος;   Λοιπόν· όπως μας είπες το πρωί αν καταλάβαμε καλά;https://i.imgur.com/iCkGSk6.jpg;;;;
Πάνος;   λες να φύγουμε εμείς να πάμε να φροντίσουμε λίγο τους γέρους· να κάνουμε παρέα και στη μανούλα σου;https://i.imgur.com/iCkGSk6.jpg;;;;
Αντώνης;   Ναι;https://i.imgur.com/PAmhjDJ.png;;;;
Πάνος;   Κι΄εσύ αύριο το πολύ μεθαύριο παίρνεις το καράβι και έρχεσαι;https://i.imgur.com/iCkGSk6.jpg;;;;
Αντώνης;   Ακριβώς;https://i.imgur.com/PAmhjDJ.png;;;;
Πάνος;"   Επιτρέπεται να κάνω μία ερώτηση;";https://i.imgur.com/iCkGSk6.jpg;;;;
Αντώνης;   Ευχαρίστως;https://i.imgur.com/PAmhjDJ.png;;;;
Πάνος;"   Είναι σοβαρό ας πούμε αυτό που συμβαίνει;";https://i.imgur.com/iCkGSk6.jpg;;;;
Αντώνης;   Μια φιλική σχέση είναι Πάνο· μια καλοκαιρινή παρέα;https://i.imgur.com/PAmhjDJ.png;;;;
Πάνος;   Μπράβο · δηλαδή άμα τη δεις χειμώνα στην Τσιμισκή εσύ θα στρίψεις στην Κομνηνών;https://i.imgur.com/iCkGSk6.jpg;;;;
Αντώνης;   Όχι· θα πω μια καλημέρα· τα νέα μας και λοιπά;https://i.imgur.com/PAmhjDJ.png;;;;
Πάνος;"   Μπορεί να πιείτε και ένα καφέ;";https://i.imgur.com/iCkGSk6.jpg;;;;
Αντώνης;   Γιατί όχι · φίλοι είμαστε;https://i.imgur.com/PAmhjDJ.png;;;;
Μιχάλης;   Κοίτα Αντώνη ο Πάνος εννοεί αν πέρα από μια φιλία υπάρχει και ένα αίσθημα;https://i.imgur.com/n9Pd3IM.png;;;;
Αντώνης;   Αίσθημα υπάρχει.;https://i.imgur.com/PAmhjDJ.png;;;;
Αντώνης;   Ο άνθρωπος έχει αισθήματα αυτό τον ξεχωρίζει απ΄το φυτικό και το ζωικό βασίλειο;https://i.imgur.com/PAmhjDJ.png;;;;
Πάνος;   Μπράααβο· να το πούμε τότε πιο καθαρά;https://i.imgur.com/iCkGSk6.jpg;;;;
Πάνος;"   Είσαι καψούρης;Ή πηγαίνεις μπαμ ένα δύο ‘κει χάμω και φύγαμε;";https://i.imgur.com/iCkGSk6.jpg;;;;
Κλυταιμνήστρα;   Αντώνη ·Πάνο· Μιχάλη !!! ΟΥΟΥ!! ΟΥΟΥ!!;https://i.imgur.com/4Efk2Q0.png;;;;
Αντώνης;   Κλυταιμνήστρα!!! ΟΥΟΥ!!!!;https://i.imgur.com/PAmhjDJ.png;;;;
Πάνος;   ουου;https://i.imgur.com/iCkGSk6.jpg;;;;
Μιχάλης;   ουου;https://i.imgur.com/n9Pd3IM.png;;;;
Αντώνης;"   Τι εννοείς μπαμ ένα δύο ‘κει χάμω και φύγαμε;";https://i.imgur.com/PAmhjDJ.png;;;;
Πάνος;"   Αυτό δε σας το μάθανε στο ΠΑΣΟΚ;";https://i.imgur.com/iCkGSk6.jpg;;;;
Μιχάλης;"   Πάνο γιατί ανακατεύεις το ΠΑΣΟΚ; Τι δουλεία έχει το ΠΑΣΟΚ με αισθήματα;";https://i.imgur.com/n9Pd3IM.png;;;;
Πάνος;"   Ρε· τον προορίζουν για υπουργό τον άνθρωπο;";https://i.imgur.com/iCkGSk6.jpg;;;;
Μιχάλης;   Άμα μπει στη λίστα για βουλευτής βέβαια;https://i.imgur.com/n9Pd3IM.png;;;;
Πάνος;"   Και δεν του μάθανε δυο πράγματα; Έτσι βόιδι θα κυβερνάει τον κόσμο;";https://i.imgur.com/iCkGSk6.jpg;;;;
Πάνος;"   Λοιπόν;";https://i.imgur.com/iCkGSk6.jpg;;;;
Αντώνης;   Εγώ φρόντισα τρεις οικογένειες· να πάτε τώρα εσείς σειρά σας;https://i.imgur.com/PAmhjDJ.png;;;;
Πάνος;   Ή όλοι μαζί ή κανένας;https://i.imgur.com/iCkGSk6.jpg;;;;
Αντώνης;   Κανένας;https://i.imgur.com/PAmhjDJ.png;;;;
Πάνος;   Κανένας!!;https://i.imgur.com/iCkGSk6.jpg;;;;
Αντώνης;   Κανένας!!!;https://i.imgur.com/PAmhjDJ.png;;;;
Πάνος;   Αγάπη που’γινες φωτιά· τσιγάρο αναμμένο· από την κάφτρα σου ξανά· καίγομαι και πεθαίνω;https://i.imgur.com/iCkGSk6.jpg;;;;
Μιχάλης;   Αγάπη που’γινες φωτιά· τσιγάρο αναμένο· από την κάφτρα σου ξανά· καίγομαι και πεθαίνω;https://i.imgur.com/n9Pd3IM.png;;;;
Πάνος;"   Έχουμε σκοινί;";https://i.imgur.com/iCkGSk6.jpg;;;;
Μιχάλης;"   Έχουμε Πάνο αλλά τι το χρειαζόμαστε το σκοινί;";https://i.imgur.com/n9Pd3IM.png;;;;
Πάνος;   Να τον δέσουμε το χρειαζόμαστε;https://i.imgur.com/iCkGSk6.jpg;;;;
Μιχάλης;"   Τον Αντώνη;";https://i.imgur.com/n9Pd3IM.png;;;;
Πάνος;   Τον πιάνω εγώ με το καλό· έρχεσαι από πίσω εσύ· μόλις πω τη λέξη «η μανούλα σου»· θυμήσου τη λέξη «η μανούλα σου»;https://i.imgur.com/iCkGSk6.jpg;;;;
Πάνος;   Μπαπ· τον διπλώνεις χειροπόδαρα;https://i.imgur.com/iCkGSk6.jpg;;;;
Μιχάλης;"   Τον Αντώνη Πάνο;";https://i.imgur.com/n9Pd3IM.png;;;;
Πάνος;"   Το Μητροπολίτη ρε· θα περιμένουνε τρεις γυναίκες στο λιμάνι και θα πάμε δύο;";https://i.imgur.com/iCkGSk6.jpg;;;;
Μιχάλης;   Δεν είναι καλό αυτό;https://i.imgur.com/n9Pd3IM.png;;;;
Πάνος;"   Λοιπόν; Όταν σε ρωτήσει η γυναίκα του τι τον κάνατε τον άντρα μου τι θα της απαντήσεις; Ότι τον άφησες στο αίσθημα;";https://i.imgur.com/iCkGSk6.jpg;;;;
Πάνος;"   Καταλαβαίνεις τι δημιουργείς;";https://i.imgur.com/iCkGSk6.jpg;;;;
Μιχάλης;"   Εγώ τα δημιουργώ;";https://i.imgur.com/n9Pd3IM.png;;;;
Πάνος;"   Ποιος τα δημιουργεί;";https://i.imgur.com/iCkGSk6.jpg;;;;
Πάνος;   Μην το σηκώνεις;https://i.imgur.com/iCkGSk6.jpg;;;;
Μιχάλης;   Μπορεί να είναι ο Αντώνης μετανιωμένος Πάνο;https://i.imgur.com/n9Pd3IM.png;;;;
Μιχάλης;"   Ελένη εμείς ξεκινάμε σε 10 λεπτά· τι δυο μέρες λείπουμε Ελένη;";https://i.imgur.com/n9Pd3IM.png;;;;
Μιχάλης;   Αυτοί εδώ είπαν ότι κάνανε συνέδριο και κορόιδεψαν τον κοσμάκη.Δεν έγινε συνέδριο αλλά ο Αντώνης τους απέκρουσε και θα γίνει πολιτικό ζήτημα;https://i.imgur.com/n9Pd3IM.png;;;;
Πάνος;   Ξεφτίλα γκόμενε;https://i.imgur.com/iCkGSk6.jpg;;;;
Μιχάλης;   Πάνο· η Ελένη ρωτάει αν θέλουμε το μοσχαράκι κοκκινιστό ή με πατάτες στο φούρνο;https://i.imgur.com/n9Pd3IM.png;;;;
Πάνος;   Κοκκινιστό;https://i.imgur.com/iCkGSk6.jpg;;;;
Μιχάλης;   Κοκκινιστό με τηγανιτές πατάτες αλλά τηγανίστε πολλές.;https://i.imgur.com/n9Pd3IM.png;;;;
Μιχάλης;   Θέλει ο Αντώνης πολλές πατάτες Ελένη αφού ξέρεις ότι τρώει μόνο πατάτες και το αφήνει το κρέας;https://i.imgur.com/n9Pd3IM.png;;;;
Πάνος;   Καλααά· θα σε δέσω εγώ και θα σε παραδώσω σαν τον Αθανάσιο Διάκο · σαβούρη;https://i.imgur.com/iCkGSk6.jpg;;;;
Μιχάλης;"   Τι βλέπεις;";https://i.imgur.com/n9Pd3IM.png;;;;
Πάνος;   Αυτή δε θέλει και αυτός την πιέζει;https://i.imgur.com/iCkGSk6.jpg;;;;
Μιχάλης;"   Μέσα στον κόσμο;";https://i.imgur.com/n9Pd3IM.png;;;;
Πάνος;"   Τι μέσα στον κόσμο;";https://i.imgur.com/iCkGSk6.jpg;;;;
Μιχάλης;   Την πιέζει μέσα στον κόσμο;https://i.imgur.com/n9Pd3IM.png;;;;
Πάνος;"   Εγώ αυτό είπα;";https://i.imgur.com/iCkGSk6.jpg;;;;
Μιχάλης;   Αυτή δεν θέλει και αυτό την πιέζει· αυτό είπες;https://i.imgur.com/n9Pd3IM.png;;;;
Πάνος;   Αυτή δεν θέλει να φάει μπανάνα και αυτός την πιέζει να φάει μπανάνα· αυτό είπα;https://i.imgur.com/iCkGSk6.jpg;;;;
Πάνος;   Αυτή θα του μασήσει μια πεντακοσάρα;https://i.imgur.com/iCkGSk6.jpg;;;;
Μιχάλης;   Σήμερα η γυναίκα κοστίζει Πάνο;https://i.imgur.com/n9Pd3IM.png;;;;
Μιχάλης;   Και σε ένα μπαρ να την πας θες ένα δεκαπεντάρι;https://i.imgur.com/n9Pd3IM.png;;;;
Πάνος;"   Δεκαπεντάρι για ένα ποτό;";https://i.imgur.com/iCkGSk6.jpg;;;;
Μιχάλης;   Ε άμα πιει ένα εντάξει;https://i.imgur.com/n9Pd3IM.png;;;;
Μιχάλης;   Αλλά ο Βαγγέλης ήπιε αυτή τρία σφηνάκια πήγαινε για τέταρτο λέει “Kάνε μας το λογαριασμό μέχρι εδώ” του λένε 8 χιλιάδες.;https://i.imgur.com/n9Pd3IM.png;;;;
Μιχάλης;   Πληρώνει και λέει “Πάω για τσιγάρα”;https://i.imgur.com/n9Pd3IM.png;;;;
Μιχάλης;"   Αυτή συνεχίζει να πίνει· το πρωί δεν έχει να πληρώσει την πλακώνουνε της  λένε “Που είναι αυτός που ήταν μαζί σου;”";https://i.imgur.com/n9Pd3IM.png;;;;
Μιχάλης;   Λέει η κοπέλα “Δεν ξέρω σήμερα τον γνώρισα” Και γλίτωσε ο Βαγγέλης 30000;https://i.imgur.com/n9Pd3IM.png;;;;
Πάνος;"   Τώρα γιατί μας την είπες αυτή την ιστορία;";https://i.imgur.com/iCkGSk6.jpg;;;;
Μιχάλης;   Διότι Πάνο σκέφτηκα πως όταν αρρώστησε ο Βαγγέλης 20 μέρες 15 χιλιαδ…;https://i.imgur.com/n9Pd3IM.png;;;;
Κλυταιμνήστρα;   Πάνο· Μιχάλη !!! ΟΥΟΥ!! ΟΥΟΥ!!!;https://i.imgur.com/4Efk2Q0.png;;;;
Μιχάλης;   Κλυταιμνήστρα· Αντώνη ΟυΟυ!!! ΟυΟΥ!!!;https://i.imgur.com/n9Pd3IM.png;;;;
Πάνος;   Πίσω τους!! Πίσω τους!!!;https://i.imgur.com/iCkGSk6.jpg;;;;
Μιχάλης;   Εμείς για τελευταία φορά τους είδαμε στην ¨Ολυμπιάδα· στην Αρναία μάθαμε πως ήπιαν καφέ· άρα στο Άγιον Όρος δεν πήγανε;https://i.imgur.com/n9Pd3IM.png;;;;
Πάνος;   Φχαριστώ πάρα πολύ;https://i.imgur.com/iCkGSk6.jpg;;;;
Μιχάλης;   Φεύγει το ένα πόδι· τώρα διαλέγεις εσύ;https://i.imgur.com/n9Pd3IM.png;;;;
Πάνος;"   Εσύ διάλεξες;";https://i.imgur.com/iCkGSk6.jpg;;;;
Μιχάλης;   Απ’ τα τρία πόδια διάλεξα δύο;https://i.imgur.com/n9Pd3IM.png;;;;
Πάνος;   Αρναία· Ορμύλια· ΝΙκήτη· Μαρμαράς;https://i.imgur.com/iCkGSk6.jpg;;;;
Μιχάλης;"   ΙΙΙΙ!!! Πόρτο Καρράς;";https://i.imgur.com/n9Pd3IM.png;;;;
Πάνος;"   Σαβούρη· νόμιζες θα μου ξεφύγεις;";https://i.imgur.com/iCkGSk6.jpg;;;;
Πάνος;   Jack Daniels το ένα διπλό;https://i.imgur.com/iCkGSk6.jpg;;;;
Πάνος;"   Κορόιδο· δε βλέπεις τη ζωή; Γίνε υπουργός να τους τα πάρεις να φτιαχτούμε κι΄εμείς";https://i.imgur.com/iCkGSk6.jpg;;;;
Πάνος;   Λέμε θα τους την κάνεις· θα ζήσουμε άλλη ζωή και εσύ κυνηγάς το αίσθημα;https://i.imgur.com/iCkGSk6.jpg;;;;
Πάνος;   Μαλάκα…..;https://i.imgur.com/iCkGSk6.jpg;;;;
Μιχάλης;"   Πάνο· μιλάς σε κάποιον;";https://i.imgur.com/n9Pd3IM.png;;;;
Πάνος;   Θα τους τα πάρω εγώ ρε· μόνος μου θα τους τα πάρω;https://i.imgur.com/iCkGSk6.jpg;;;;
Μιχάλης;   Θα δουλέψουμε έχουμε παραγγελίες;https://i.imgur.com/n9Pd3IM.png;;;;
Μιχάλης;   Λέει προχθές ο κύριος Ψωμιάδης “Όρεξη να΄χετε για δουλειά και σε 10 χρόνια θα μιλάτε αλλιώς”;https://i.imgur.com/n9Pd3IM.png;;;;
Πάνος;   Θα τους κάνω εγώ να απλώσουνε μαύρες πλερέζες;https://i.imgur.com/iCkGSk6.jpg;;;;
Μιχάλης;   Εμείς δεν θέλουμε το κακό κανενός;https://i.imgur.com/n9Pd3IM.png;;;;
Πάνος;   Όλα στο 36 κόκκινο!;https://i.imgur.com/iCkGSk6.jpg;;;;
Πάνος;"   Φτάσαμε μέχρι την πόρτα και δεν θα μπούμε;";https://i.imgur.com/iCkGSk6.jpg;;;;
Μιχάλης;   Δεν έχουμε λεφτά Πάνο αν δε μας κάνει το δάνειο ο Αντώνης κινδυνεύουμε;https://i.imgur.com/n9Pd3IM.png;;;;
Μιχάλης;   Τον άλλο μήνα έχουμε να πληρώσουμε δύο ενοίκια· το ΤΕΒΕ· τον ΟΤΕ· τη ΔΕΗ·απόδοση ΦΠΑ·;https://i.imgur.com/n9Pd3IM.png;;;;
Μιχάλης;   Πρέπει να πάρουμε μέταλλο· τα παιδιά να ντυθούν· οι γυναίκες έχουν ανάγκες για το σπίτι;https://i.imgur.com/n9Pd3IM.png;;;;
Πάνος;   ..Ο άνθρωπος…..;https://i.imgur.com/iCkGSk6.jpg;;;;
Πάνος;"   Ρε! Γιατί μου τα θυμίζεις ρε· με ρώτησες εμένα τι μου συνέβη;";https://i.imgur.com/iCkGSk6.jpg;;;;
Μιχάλης;"   Τι σου συνέβη;";https://i.imgur.com/n9Pd3IM.png;;;;
Πάνος;"   Όταν ερχόμασταν λέω Παναγιώτη αν δεις μηχανάκι και απάνω σκυλί αυτό είναι το σημάδι· θα τους τα πάρεις.Το’ δαμε ή δεν το’δαμε το σημάδι;";https://i.imgur.com/iCkGSk6.jpg;;;;
Μιχάλης;   Δεν είδα εγώ σημάδι Πάνο είδα ένα μηχανάκι και το κυνήγαγαν τέσσερα σκυλιά;https://i.imgur.com/n9Pd3IM.png;;;;
Πάνος;"   Μηχανάκι και σκυλί αυτό δε λέμε; Τέσσερα σκυλιά ακόμα καλύτερα";https://i.imgur.com/iCkGSk6.jpg;;;;
Μιχάλης;   Το 36 κόκκινο όμως δεν έχουμε σημάδι;https://i.imgur.com/n9Pd3IM.png;;;;
Πάνος;"   Τι καιρό έκανε τη νύχτα παραμονή Αγίου Αντωνίου που βάλαμε καμίνι;";https://i.imgur.com/iCkGSk6.jpg;;;;
Μιχάλης;   Έριχνε χιόνι και φύσαγε;https://i.imgur.com/n9Pd3IM.png;;;;
Πάνος;"   Άνοιξε η πόρτα και φώναξες ποιος είναι;";https://i.imgur.com/iCkGSk6.jpg;;;;
Μιχάλης;"   Φώναξα Πάνο διότι φοβήθηκα· η πόρτα ήτανε κλειδωμένη από μάσα πως άνοιξε;";https://i.imgur.com/n9Pd3IM.png;;;;
Πάνος;"   Παρουσιάστηκε μια γυναίκα;";https://i.imgur.com/iCkGSk6.jpg;;;;
Μιχάλης;   Ψηλή αδύνατη και παρήγγειλε 36 κηροπήγια;https://i.imgur.com/n9Pd3IM.png;;;;
Πάνος;"   Υπόγραψε επιταγή Τζόαν Πάπος Νεβάδα;";https://i.imgur.com/iCkGSk6.jpg;;;;
Μιχάλης;   Την εισπράξαμε;https://i.imgur.com/n9Pd3IM.png;;;;
Πάνος;"   Τα κηροπήγια ήρθε να τα πάρει;";https://i.imgur.com/iCkGSk6.jpg;;;;
Μιχάλης;   Δεν ήρθε και αναγκαστήκαμε να τα πουλήσουμε;https://i.imgur.com/n9Pd3IM.png;;;;
Πάνος;"   Είπαν ότι εκείνη τη νύχτα πολλοί άνθρωποι είδαν την Παναγία και ένας κουτσός θεραπεύτηκε;";https://i.imgur.com/iCkGSk6.jpg;;;;
Μιχάλης;   Και μια γυναίκα στην Καλαμαριά ιάθηκε;https://i.imgur.com/n9Pd3IM.png;;;;
Πάνος;"   Λοιπόν;";https://i.imgur.com/iCkGSk6.jpg;;;;
Πάνος;"   Ρε· γιατί τα βάζεις όλα στο μαύρο και με γκαντεμιάζεις;";https://i.imgur.com/iCkGSk6.jpg;;;;
Μιχάλης;   Για να’ χουμε και δεύτερη πόρτα Πάνο;https://i.imgur.com/n9Pd3IM.png;;;;
Μιχάλης;   Ριπετεσιόν;https://i.imgur.com/n9Pd3IM.png;;;;
Πάνος;   Κοίτα ο σαβούρης· στο 36 κόκκινο· εδώ εμείς και…..;https://i.imgur.com/iCkGSk6.jpg;;;;
Πάνος;   Όχι ρε πούστη μου! Θα ψηφίσω ΠΑΣΟΚ.;https://i.imgur.com/iCkGSk6.jpg;;;;
Μιχάλης;   Διότι και να στα πω Πάνο δεν θα τα πιστέψεις. Έξι φορές ριπετισιον το 36· σα να τα είχε μαγεμένα;https://i.imgur.com/n9Pd3IM.png;;;;
Μιχάλης;"   Μου λέει ο γκρουπιέρης “Συγγενής σας είναι o κύριος;”";https://i.imgur.com/n9Pd3IM.png;;;;
Μιχάλης;   Του λέω “Ο μπατζανάκης μας Αντώνης” Και μου λέει “Τέτοιος παίχτης είχε χρόνια να περάσει από ‘δω”;https://i.imgur.com/n9Pd3IM.png;;;;
Πάνος;"   Ξέρεις γιατί σου το είπε; Γιατί τους φλόμωσε στο μπουρμπουάρ";https://i.imgur.com/iCkGSk6.jpg;;;;
Μιχάλης;   Όχι Πάνο ο μπουρμπουάρ το ανέλαβα εγώ· έκανα πως τους πέταγα τη μάρκα φωνάζαν αυτοί “Thank you” και εγώ την έχωνα στην τσέπη;https://i.imgur.com/n9Pd3IM.png;;;;
Μιχάλης;"   Εμείς είμαστε κατεστραμμένοι .Σ ’αυτούς θα δώσουμε;";https://i.imgur.com/n9Pd3IM.png;;;;
Πάνος;   Σφίχτη βλάχο γερά· αλλά κοίτα μη σου πρηστούνε και σε τρέχουμε;https://i.imgur.com/iCkGSk6.jpg;;;;
Μιχάλης;   Πάνο άστα να χαρούνε τα κακόμοιρα· ο Αντώνης μας ξελάσπωσε;https://i.imgur.com/n9Pd3IM.png;;;;
Μιχάλης;   Και η Κλυταιμνήστρα μπορεί να είναι η γυναίκα που ονειρεύεται ο άντρας να παρουσιαστεί κάποτε στη ζωή του;https://i.imgur.com/n9Pd3IM.png;;;;
Πάνος;"   Πληρωμένος είσαι έτσι; Σου τα’ χωσε να με παραμυθιάσεις";https://i.imgur.com/iCkGSk6.jpg;;;;
Πάνος;"   Δε με λες; Ο βλάχος το τυρί το είδε τη φάκα την είδε;";https://i.imgur.com/iCkGSk6.jpg;;;;
Μιχάλης;"   Πως το εννοείς Πάνο;";https://i.imgur.com/n9Pd3IM.png;;;;
Πάνος;   Του τα δώσανε σήμερα για να του πάρουνε αύριο και τα δικά του αυτό εννοώ;https://i.imgur.com/iCkGSk6.jpg;;;;
Πάνος;   Και η μικρή μόλις τον στείλουνε πανί.. την έκανε;https://i.imgur.com/iCkGSk6.jpg;;;;
Μιχάλης;"   Δε θα φας τα αβγουλάκια σου;";https://i.imgur.com/n9Pd3IM.png;;;;
Πάνος;   Σαβούρη γκόμενε;https://i.imgur.com/iCkGSk6.jpg;;;;
Πάνος;   Σας μαζέψαμε εδώ χαμουτζήδες και τρώτε το ψωμί του κοσμάκη;https://i.imgur.com/iCkGSk6.jpg;;;;
Μιχάλης;   Σκέφτομαι Πάνο μήπως παρουσιαστεί καμιά μέρα και αυτή η κυρία Τζόαν Πάππος και ζητήσει τα κηροπήγια;https://i.imgur.com/n9Pd3IM.png;;;;
Πάνος;"   Τι σου είπε που τον ξύπνησες;";https://i.imgur.com/iCkGSk6.jpg;;;;
Μιχάλης;   Μου λέει κατεβαίνω σε μισή ώρα;https://i.imgur.com/n9Pd3IM.png;;;;
Μιχάλης;"   Φεύγω φωνάζουνε “Ο Κύριος Αρμπούζογλου!” Πάω πάλι στο τηλέφωνο μου λέει “πρωινό πήρατε;” Του λέω “Που να πάρουμε Αντώνη;”";https://i.imgur.com/n9Pd3IM.png;;;;
Μιχάλης;   Μου λέει πάρτε σε χρέωση 331;https://i.imgur.com/n9Pd3IM.png;;;;
Πάνος;   Από τέτοια ξέρει ο βλάχος;https://i.imgur.com/iCkGSk6.jpg;;;;
Μιχάλης;   Πάντως μας σκέφτηκε Πάνο;https://i.imgur.com/n9Pd3IM.png;;;;
Μιχάλης;   Διότι οι άνθρωποι όταν ζουν στην προσωπική τους ευτυχία δεν σκέφτονται τους άλλους;https://i.imgur.com/n9Pd3IM.png;;;;
Πάνος;"   Δε μου λες· το σύνθημα το θυμάσαι;";https://i.imgur.com/iCkGSk6.jpg;;;;
Μιχάλης;   Η μανούλα σου;https://i.imgur.com/n9Pd3IM.png;;;;
Πάνος;   Τώρα εσύ νομίζεις ότι εμείς θέλουμε το κακό σου·ότι δε θέλουμε να χαρείς κι’ εσύ λίγο· ότι δεν είμαστε εμείς τα μπατζανάκια σου;https://i.imgur.com/iCkGSk6.jpg;;;;
Πάνος;"   Εσύ δε φροντίζεις τους γέρους και την αδερφή μου; Εσύ δεν πληρώνεις τα φροντιστήρια των παιδιών;";https://i.imgur.com/iCkGSk6.jpg;;;;
Μιχάλης;   Δεν πήγες στην εφορία..;https://i.imgur.com/n9Pd3IM.png;;;;
Πάνος;"   Δεν πήγες στην εφορία και μας έσωσες;";https://i.imgur.com/iCkGSk6.jpg;;;;
Πάνος;   Του λες του έφορα:;https://i.imgur.com/iCkGSk6.jpg;;;;
Πάνος;   “Αν και αυτοί οι δύο άνθρωποι που δουλεύουν από 12 χρονών ·τελος πάντων δεν απέδωσαν και μια φορά το ΦΠΑ είναι ένοχοι...;https://i.imgur.com/iCkGSk6.jpg;;;;
Πάνος;   ... τότε η μισή Ελλάδα έπρεπε  να είναι φυλακή”;https://i.imgur.com/iCkGSk6.jpg;;;;
Πάνος;   Και σου λέει αυτός “Εγώ κάνω τη δουλειά μου κύριε”;https://i.imgur.com/iCkGSk6.jpg;;;;
Πάνος;   Και του λες εσύ “To ΠΑΣΟΚ ήρθε να σας μάθει πως δουλειά σας είναι να σταθείτε δίπλα στο λαό και τα προβλήματά του”;https://i.imgur.com/iCkGSk6.jpg;;;;
Μιχάλης;   Και πάω εγώ στον έφορα...;https://i.imgur.com/n9Pd3IM.png;;;;
Πάνος;   Και πάω εγώ στον έφορα και μου λέει “Τι άνθρωπος είναι ο μπατζανάκης σας· τέτοιοι έπρεπε να μας κυβερνάνε”;https://i.imgur.com/iCkGSk6.jpg;;;;
Πάνος;   Και  λέω μέσα μου “Α ρε Αντώνη· να ‘ταν εδώ η μανούλα σου να τ΄ακούσει να χαρεί η βασανισμένη γυναίκα;https://i.imgur.com/iCkGSk6.jpg;;;;
Αντώνης;   Ναι αλλά εσείς  ψηφίζετε Νέα Δημοκρατία;https://i.imgur.com/PAmhjDJ.png;;;;
Πάνος;   Το αναγνωρίζουμε;https://i.imgur.com/iCkGSk6.jpg;;;;
Αντώνης;"   Μου λένε στο κόμμα · εσένα ούτε τα μπατζανάκια σου δεν ψηφίζουνε ΠΑΣΟΚ και ονειρεύεσαι για ψηλά;";https://i.imgur.com/PAmhjDJ.png;;;;
Πάνος;"   Και εσύ δεν έπιανες τα τέτοια σου;";https://i.imgur.com/iCkGSk6.jpg;;;;
Πάνος;   Πες μου εμένα ποιος σου το΄πε να του ισιώσω τη μάπα να μη μιλάει χωρίς να ξέρει;https://i.imgur.com/iCkGSk6.jpg;;;;
Μιχάλης;   Μιλάνε χωρίς να ξέρουνε;https://i.imgur.com/n9Pd3IM.png;;;;
Πάνος;"   Να του πω “Έλα εδώ ρε μαλάκα· με ρώτησες εμένα γιατί ψηφίζω Νέα Δημοκρατία;”";https://i.imgur.com/iCkGSk6.jpg;;;;
Πάνος;"   Αν σου έλεγε ο Ψωμιάδης “Κόφτε τα λόγια και ψηφίστε τον εγγονό  μου γιατί από ‘μένα τρώτε ψωμί· όχι απ’ το ΠΑΣΟΚ” τι θα έκανες;";https://i.imgur.com/iCkGSk6.jpg;;;;
Πάνος;   Που αν σ’αφηνε θα’ βαζες λουκέτο και δύο οικογένειες θα μένανε στο δρόμο;https://i.imgur.com/iCkGSk6.jpg;;;;
Μιχάλης;   Πάνο μη στεναχωριέσαι θα ανέβει πάλι η πίεση σου;https://i.imgur.com/n9Pd3IM.png;;;;
Πάνος;   Να ανέβει ρε! Να φτάσει 24 να πέσω μπροστά στα πόδια του να πεθάνω;https://i.imgur.com/iCkGSk6.jpg;;;;
Μιχάλης;   Κοίτα πως μας κάνουνε και μας διαιρούνε;https://i.imgur.com/n9Pd3IM.png;;;;
Πάνος;   Και έρχεται ο Ψωμιάδης παραμονές εκλογών και φέρνει κάτι τουλουμπίτσες και οκτώ ψηφοδέλτια κλειστά;https://i.imgur.com/iCkGSk6.jpg;;;;
Πάνος;"   Και μετράω εγώ και του λέω:
Κυρ Βασίλη· εγώ· η γυναίκα μου·ο πατέρας μου και η αδερφή μου τέσσερις";https://i.imgur.com/iCkGSk6.jpg;;;;
Πάνος;"   Ο Μιχάλης· η γυναίκα του κι’ η μάνα του σύνολο εφτά τι μου δίνεις εδώ οκτώ;";https://i.imgur.com/iCkGSk6.jpg;;;;
Πάνος;   Και μου λέει “Είναι και η μάνα του μπατζανάκη σας Αντώνη”;https://i.imgur.com/iCkGSk6.jpg;;;;
Αντώνης;"   Και ψήφισε η μάνα μου Νέα Δημοκρατία;";https://i.imgur.com/PAmhjDJ.png;;;;
Πάνος;"   Τι να έκανε Αντώνη;";https://i.imgur.com/iCkGSk6.jpg;;;;
Πάνος;   Εγώ την πήγα στο τμήμα της έδωσα το ψηφοδέλτιο της λέω “Κυρά Βασιλική ο Αντώνης είπε να το ρίξεις”;https://i.imgur.com/iCkGSk6.jpg;;;;
Πάνος;   Έκανε το σταυρό της η γυναίκα· το φίλησε· το σταύρωσε τρεις φορές με το χέρι της και το’ ριξε.;https://i.imgur.com/iCkGSk6.jpg;;;;
Κλυταιμνήστρα;   Αντώνη!!! ΟΥΟΥ!!;https://i.imgur.com/4Efk2Q0.png;;;;
Πάνος;   ΟΥΟΥ!!!!;https://i.imgur.com/iCkGSk6.jpg;;;;
Μιχάλης;"   Κλυταιμνήστρα !!ΟΥΟΥ
Αντώνη η Κλυταιμνήστρα";https://i.imgur.com/n9Pd3IM.png;;;;
Πάνος;   Κλυταιμνήστρα!!! ΟΥΟΥ!!!;https://i.imgur.com/iCkGSk6.jpg;;;;
Αντώνης;   Πατέρα.....;https://i.imgur.com/PAmhjDJ.png;;;;
Μιχάλης;   Βοήθεια!!Βοήθεια Κλυταιμνήστρα !!!;https://i.imgur.com/n9Pd3IM.png;;;;
Πάνος;   Κλυταιμνήστρα !!! Βοήθειααα!!!!;https://i.imgur.com/iCkGSk6.jpg;;;;
Μιχάλης;   Αλίμονο;https://i.imgur.com/n9Pd3IM.png;;;;
Κα.Σουλτάνα;  Ήρθαμε κύριε Μιχάλη διότι μας τηλεφώνησε η δεσποινίς Κλυταιμνήστρα και μάθαμε που βρίσκεστε;https://i.imgur.com/YuklvNO.jpg;;;;
Μιχάλης;   Αφήνουν δύο οικογένειες στο δρόμο;https://i.imgur.com/n9Pd3IM.png;;;;
Κα.Σουλτάνα;  Μισθώσαμε ταξί για να μη σας λείψει η διασκέδαση;https://i.imgur.com/YuklvNO.jpg;;;;
Πάνος;   Βοηθάτε· το σακάκι βγάλτε το σακάκι;https://i.imgur.com/iCkGSk6.jpg;;;;
Πάνος;   Μιχάλη!!· Μιχάλη σιγούρεψε το σακάκι κάπου;https://i.imgur.com/iCkGSk6.jpg;;;;
Πάνος;"   Γιατί μας το’ κανες αυτό ρε Αντώνη;";https://i.imgur.com/iCkGSk6.jpg;;;;
Κα.Σουλτάνα;  Τόσο καλοί άνθρωποι με τόσο μεγάλο δράμα;https://i.imgur.com/YuklvNO.jpg;;;;
Αντώνης;   Αυτό που έρχεται σαν εξέλιξη στις εργασιακές σχέσεις · ίσως είναι κάτι άγνωστο πέρα από την κατανόησή μας;https://i.imgur.com/PAmhjDJ.png;;;;
Πάνος;   Μιχάλη!!!;https://i.imgur.com/iCkGSk6.jpg;;;;
Αντώνης;   Τα παιδιά που θα γεννηθούν θα μεγαλώσουν σε μια άλλη πραγματικότητα· που ίσως εμείς δε θα μάθουμε ποτέ;https://i.imgur.com/PAmhjDJ.png;;;;
Πάνος;   Μιχάλη!!!!;https://i.imgur.com/iCkGSk6.jpg;;;;
Μιχάλης;   Έχω δουλειά Πάνο;https://i.imgur.com/n9Pd3IM.png;;;;
Αντώνης;   Σ’ αυτή την κρίσιμη ώρα το ΠΑΣΟΚ είναι το μόνο κόμμα ικανό να σταθεί δίπλα στο λαό και να τον οδηγήσει στη μετάβαση στον καινούριο κόσμο;https://i.imgur.com/PAmhjDJ.png;;;;
Αντώνης;   Χωρίς αναγκαστικά να τον βυθίσει στην απόγνωση και στο περιθώριο;https://i.imgur.com/PAmhjDJ.png;;;;
Πάνος;"   Είδες· αυτά τα ωραία πράγματα εμείς δεν τα’χουμε ξανακούσει · ποιος να μας τα πει;";https://i.imgur.com/iCkGSk6.jpg;;;;
Αντώνης;   Η δεξιά δεν αγωνίζεται στο χώρο των ιδεών. Προσκολημένη στην παλιά νοοτροπία προτιμάει να εξαγοράζει τις ψυχές των ανθρώπων;https://i.imgur.com/PAmhjDJ.png;;;;
Πάνος;   Αυτά κάνει· ενώ εμείς μας λες στις εκλογές να βοηθήσετε τον αγώνα;https://i.imgur.com/iCkGSk6.jpg;;;;
Πάνος;"   Πάμε λέμε που θες να διορίσουμε το παιδί σου;Άλλος να πάρει ένα δάνειο· να βολευτεί ο κόσμος";https://i.imgur.com/iCkGSk6.jpg;;;;
Κα.Σουλτάνα;  Μπράβο σας κύριε Πάνο!!!!!;https://i.imgur.com/YuklvNO.jpg;;;;
Πάνος;"   Και θυμάσαι στη Σταυρούπολη; Μας τηλεφωνάς
 “Ελάτε να σηκώσετε το Βενιζέλο και να τον πάτε στην εξέδρα”";https://i.imgur.com/iCkGSk6.jpg;;;;
Πάνος;   Και μόλις κατέβηκε απ΄τη Mercedes τον σηκώσαμε εγώ και ο Μιχάλης και από τότε μου’ μεινε αυτός ο πόνος στη μέση;https://i.imgur.com/iCkGSk6.jpg;;;;
Αντώνης;"   Προσφέρατε πολλά· αλλά πως να πω στον πατέρα μου πως η μάνα ψήφισε Νέα Δημοκρατία;";https://i.imgur.com/PAmhjDJ.png;;;;
Πάνος;   Ο πατέρας σου έχει πεθάνει 25 χρόνια ρε Αντώνη;https://i.imgur.com/iCkGSk6.jpg;;;;
Αντώνης;   Ήτανε δημοκράτης στην Παπαδίτσα· έπινε μόνος του καφέ στην πλατεία και  γύρναγε σπίτι;https://i.imgur.com/PAmhjDJ.png;;;;
Αντώνης;   Η μάνα του έλεγε “Μη στεναχωριέσαι Γιάννη που δε σου λένε μια καλημέρα· εσύ συγχώρεσε τους”;https://i.imgur.com/PAmhjDJ.png;;;;
Αντώνης;   Όταν το 1982 ανήμερα τ’ Αη Γιαννιού στη γιορτή του παρουσιάστηκε στον ύπνο μου του είπα:;https://i.imgur.com/PAmhjDJ.png;;;;
Αντώνης;   Πατέρα ήρθε η ευλογημένη μέρα· ο λαός πήρε την εξουσία στα χέρια του;https://i.imgur.com/PAmhjDJ.png;;;;
Κα.Σουλτάνα;  Κύριε Αντώνη εμείς ψηφίζουμε Νέα Δημοκρατία· τώρα όμως που ακούσαμε την ιστορία του μπαμπά σας θα ψηφίζουμε ΠΑΣΟΚ;https://i.imgur.com/YuklvNO.jpg;;;;
Κα.Σουλτάνα;"  Ε Αρχοντούλα;";https://i.imgur.com/YuklvNO.jpg;;;;
Κα.Αρχοντούλα;  …;https://i.imgur.com/YuklvNO.jpg;;;;
Μιχάλης;  Άμα σου λέω Ελένη μια μικρή αδιαθεσία να με πιστεύεις.Ναι ίδια με του Πάνου μόνο πιο ελαφριά.Τώρα μιλάει εδώ στον κόσμο;https://i.imgur.com/n9Pd3IM.png;;;;
Μιχάλης;"  Μιλάει Ελένη γιατί μπορεί να γίνουν ξαφνικά εκλογές· ξέρεις εσύ τι έχουν αυτοί στο μυαλό τους;";https://i.imgur.com/n9Pd3IM.png;;;;
Μιχάλης;  Σε μισή ώρα ξεκινάμε;https://i.imgur.com/n9Pd3IM.png;;;;
Μιχάλης;  Αν βάλετε το αρνάκι από τώρα βάλτε το και εν ανάγκη το ζεσταίνουμε στο φούρνο.Ναι Ελένη εντάξει;https://i.imgur.com/n9Pd3IM.png;;;;
Μιχάλης;  Λοιπόν Αντώνη· με τον Πάνο θα φροντίσουμε για ένα καλό ψάρι;https://i.imgur.com/n9Pd3IM.png;;;;
Αντώνης;   Δεν το θέλω το ψάρι;https://i.imgur.com/PAmhjDJ.png;;;;
Μιχάλης;   Τι θέλεις;https://i.imgur.com/n9Pd3IM.png;;;;
Αντώνης;   Κοκορέτσι;https://i.imgur.com/PAmhjDJ.png;;;;
Μιχάλης;"   Κοκορέτσι ρε Αντώνη;";https://i.imgur.com/n9Pd3IM.png;;;;
Πάνος;"  Και γιατί δεν το λες σε εμένα;";https://i.imgur.com/iCkGSk6.jpg;;;;
Μιχάλης;  Πάνο· δεν θέλει κοινό κοκορέτσι· θέλει κοκορέτσι Παπαδίτσας;https://i.imgur.com/n9Pd3IM.png;;;;
Πάνος;"  Ναι ρε  Παπαδίτσας· τι δουλεία κάνουμε εμείς;";https://i.imgur.com/iCkGSk6.jpg;;;;
Μιχάλης;  2170· 2180· 2190· φτου! 2200· 2210 φτου· 2220· 2230· 2240· 2250 · φτου!;https://i.imgur.com/n9Pd3IM.png;;;;
Πάνος;"  Φτάνει. Τελειώνετε ρε· τα θέλω άπλυτα στο διάολο!!
Κωλοαλβανοί· σας μαζέψαμε εδώ και τρώτε το ψωμί του κοσμάκη";https://i.imgur.com/iCkGSk6.jpg;;;;
Μιχάλης;  Θα φας το κοκορετσάκι σου τύπου Παπαδίτσας να ανορθωθείς και μόλις νιώσεις καλά ξεκινάμε για τις οικογένειές μας;https://i.imgur.com/n9Pd3IM.png;;;;
Πάνος;"  Τι του λες ρε· ρώτησες τον άνθρωπο αν μπορεί να ταξιδέψει;";https://i.imgur.com/iCkGSk6.jpg;;;;
Αντώνης;  Δε μου έμειναν καθόλου χρήματα;https://i.imgur.com/PAmhjDJ.png;;;;
Πάνος;  Μουσκέψανε;https://i.imgur.com/iCkGSk6.jpg;;;;
Μιχάλης;  Προσπαθήσαμε να τα σώσουμε Αντώνη αλλά αυτά έλιωναν στα χέρια;https://i.imgur.com/n9Pd3IM.png;;;;
Πάνος;  Θα σου κάνουμε εμείς ένα χοντρό δάνειο και μας τα δίνεις όποτε διευκολυνθείς;https://i.imgur.com/iCkGSk6.jpg;;;;
Αντώνης;  Αφού τα χάσατε όλα;https://i.imgur.com/PAmhjDJ.png;;;;
Μιχάλης;  Τα χάσαμε αλλά κάτι τα μπουρμπουάρ· κάτι από δω κάτι από κει τα ξαναμαζέψαμε;https://i.imgur.com/n9Pd3IM.png;;;;
Αντώνης;  Όμως μου χρωστάτε λεφτά;https://i.imgur.com/PAmhjDJ.png;;;;
Πάνος;  Θα τα πάρεις;https://i.imgur.com/iCkGSk6.jpg;;;;
Μιχάλης;  Κοίτα Αντώνη ο Πάνος λέει να μην μπλέξουμε τα δάνεια;https://i.imgur.com/n9Pd3IM.png;;;;
Μιχάλης;  Θα σου χρωστάμε εμείς· θα μας χρωστάς εσύ και όποιος διευκολύνεται θα δίνει;https://i.imgur.com/n9Pd3IM.png;;;;
Κλυταιμνήστρα;   Φεύγεις λοιπόν;https://i.imgur.com/4Efk2Q0.png;;;;
Αντώνης;   Πρέπει;https://i.imgur.com/PAmhjDJ.png;;;;
Κλυταιμνήστρα;   Πρέπει· πρέπει να μάθω να τα δέχομαι όπως έρχονται όλα;https://i.imgur.com/4Efk2Q0.png;;;;
Λουόμενοι Βόλβης;"  Κύριε Πάνο συγχαρητήρια
Σας βεβαιώ πως ποτέ δεν έχω φάει τόσο νόστιμο κοκορέτσι";https://i.imgur.com/QlHQYgm.jpg;;;;
Πάνος;  Εις υγείαν του ΠΑΟΚ;https://i.imgur.com/iCkGSk6.jpg;;;;
Λουόμενοι Βόλβης;  ΠΑΟΚ!ΠΑΟΚ!  ΠΑΟΚ !ΠΑΟΚ!!!!!;https://i.imgur.com/QlHQYgm.jpg;;;;
Μιχάλης;  Και αν δεν έχουν περάσει γυναίκες απ’τα χέρια σου;https://i.imgur.com/n9Pd3IM.png;;;;
Πάνος;"  Σαβούρη γκόμενε· νομίζεις πως δεν σ'αγαπάμε ε;";https://i.imgur.com/iCkGSk6.jpg;;;;
Πάνος;  Αλλά είσαι και ο πιο εντάξει·Αν δεν τα μάθαινες παππαγαλία θα’ χες φτιαχτεί και κοντά σε σένα θα φτιαχνόμασταν κι ‘εμείς;https://i.imgur.com/iCkGSk6.jpg;;;;
Πάνος;  Και η μικρή εντάξει είναι· ‘Α Εθνική Πάοκ. Αλλά θα αφήσεις 4 παιδιά;https://i.imgur.com/iCkGSk6.jpg;;;;
Μιχάλης;  Και την Ελένη και τη μαμά του Πάνο;https://i.imgur.com/n9Pd3IM.png;;;;
Αντώνης;  Είναι κορίτσι με περιεχόμενο;https://i.imgur.com/PAmhjDJ.png;;;;
Πάνος;"  Τι περιεχόμενο;";https://i.imgur.com/iCkGSk6.jpg;;;;
Αντώνης;  Μπορώ να επικοινωνώ μαζί της Πάνο;https://i.imgur.com/PAmhjDJ.png;;;;
Πάνος;"  Αυτό είναι η γυναίκα;";https://i.imgur.com/iCkGSk6.jpg;;;;
Αντώνης;  Όχι·;https://i.imgur.com/PAmhjDJ.png;;;;
Αντώνης;  Αλλά η γυναίκα είναι ικανή να αγαπήσει και να προσφερθεί και η σχέση της με τον άντρα καθορίζει τη μοίρα της που πολλές φορές είναι ανελέητη;https://i.imgur.com/PAmhjDJ.png;;;;
Πάνος;  Άρχισες πάλι τα πασοκικά να μην καταλαβαίνουμε τι μας λες;https://i.imgur.com/iCkGSk6.jpg;;;;
Μιχάλης;  Θα ζήσουμε ζωή που δεν τη φανταζόμαστε;https://i.imgur.com/n9Pd3IM.png;;;;
Πάνος;  Α παράτα μας ρε;https://i.imgur.com/iCkGSk6.jpg;;;;
Αντώνης;"  Γιατί θα ζήσουμε;";https://i.imgur.com/PAmhjDJ.png;;;;
Μιχάλης;  Διότι Αντώνη μόλις πάρεις την άδεια ΠΡΟΠΟ από τη Χαριλάου Τρικούπη και τους ανοίξουμε το μαγαζί;https://i.imgur.com/n9Pd3IM.png;;;;
Μιχάλης;  Οι γυναίκες μας θα κονομάνε και δεν θα ενδιαφέρονται για μας;https://i.imgur.com/n9Pd3IM.png;;;;
Αντώνης;"  Και είναι καλό αυτό;";https://i.imgur.com/PAmhjDJ.png;;;;
Μιχάλης;"  Δεν είναι καλό;";https://i.imgur.com/n9Pd3IM.png;;;;
Πάνος;  Αυτές θα καθαρίζουνε μια κατοστάρα την ημέρα;https://i.imgur.com/iCkGSk6.jpg;;;;
Αντώνης;"  Καθαρό κέρδος;";https://i.imgur.com/PAmhjDJ.png;;;;
Πάνος;  Καθαρότατο;https://i.imgur.com/iCkGSk6.jpg;;;;
Αντώνης;"  Θα χωρίσουμε δηλαδή;";https://i.imgur.com/PAmhjDJ.png;;;;
Πάνος;  Θα έχουμε την επιμέλεια των παιδιών;https://i.imgur.com/iCkGSk6.jpg;;;;
Μιχάλης;  Δεν μπορούνε να μας απαγορεύσουν να βλέπουμε τα παιδιά μας Αντώνη;https://i.imgur.com/n9Pd3IM.png;;;;
Αντώνης;"  Όταν ξύπνησα τα πρωί ανήμερα Χριστούγεννα η Ελένη καθότανε στο παράθυρο.
Της είπα καλημέρα και δε μου μίλησε· έκλαιγε";https://i.imgur.com/PAmhjDJ.png;;;;
Μιχάλης;"  Έκλαιγε;";https://i.imgur.com/n9Pd3IM.png;;;;
Αντώνης;  Ναι· έκλαιγε με παράπονο. Ύστερα έφυγε στο σαλόνι;https://i.imgur.com/PAmhjDJ.png;;;;
Αντώνης;  Σηκώθηκα και πήγα μέσα· είχε ανοίξει το συρτάρι και κοίταζε τη φωτογραφία του παιδιού;https://i.imgur.com/PAmhjDJ.png;;;;
Μιχάλης;"  Ποια φωτογραφία;";https://i.imgur.com/n9Pd3IM.png;;;;
Αντώνης;  Εκείνου του παιδιού που πνίγηκε;https://i.imgur.com/PAmhjDJ.png;;;;
Μιχάλης;  Αυτό Αντώνη πάει 15 χρόνια η Ελένη ήταν ακόμα κοριτσάκι;https://i.imgur.com/n9Pd3IM.png;;;;
Αντώνης;  Ναι και μου λέει αν δεν το είχε πάρει ο ωκεανός θα ζούσα μαζί του ευτυχισμένη;https://i.imgur.com/PAmhjDJ.png;;;;
Πάνος;  Και εμένα τα ίδια με έκανε· μ ’αρχίζει πρωί πρωί “Τα λεφτά δεν φτάνουνε”· “Σας εκμεταλλεύεται ο παλιόγερος και τα τρώει με την τσούλα”;https://i.imgur.com/iCkGSk6.jpg;;;;
Πάνος;  Και την πλακώνω χρονιάρα μέρα στις γρήγορες και φτιάχνω ένα καφέ και πάω μέσα και μίλαγε με τη δικιά σου στο τηλέφωνο;https://i.imgur.com/iCkGSk6.jpg;;;;
Μιχάλης;  Εμένα αυτά τα Χριστούγεννα δε θυμάμαι να με έκανε τίποτα;https://i.imgur.com/n9Pd3IM.png;;;;
Πάνος;  Και με παίρνει προχθές και με έκανε γλύκες στο τηλέφωνο;https://i.imgur.com/iCkGSk6.jpg;;;;
Πάνος;  “Ελάτε Πάνο μου πότε θα ‘ρθήτε· είμαστε ένα μήνα μόνες μας”;https://i.imgur.com/iCkGSk6.jpg;;;;
Πάνος;"  Μήπως καταλάβατε τίποτα;
Δεν πειράζει
Είναι τώρα αυτές φτιαγμένες;";https://i.imgur.com/iCkGSk6.jpg;;;;
Πάνος;"  Μόλις πάμε θα μας χτυπήσουν μέχρι κόκκαλο;";https://i.imgur.com/iCkGSk6.jpg;;;;
Μιχάλης;  Δεν καταλαβαίνουμε Πάνο;https://i.imgur.com/n9Pd3IM.png;;;;
Πάνος;"  Δεν πειράζει .Θυμάσαι τα μπεκατσόνια που φέρανε η Ματούλα με το γέρο και τους τα ψήσαμε στο λαδόχαρτο;";https://i.imgur.com/iCkGSk6.jpg;;;;
Μιχάλης;  Τα θυμάμαι;https://i.imgur.com/n9Pd3IM.png;;;;
Πάνος;"  Τα’ παιρνε η Ματούλα απ’ το καμίνι και τάιζε το γέρο στο στόμα;";https://i.imgur.com/iCkGSk6.jpg;;;;
Μιχάλης;  Και δε μας έδωσε εμάς ούτε φτερούγα;https://i.imgur.com/n9Pd3IM.png;;;;
Πάνος;  Και του λέει “Κούλη μου τα καημενούλια τα μπεκατσόνια ήρθαν από την Αφρική και που να ξέρανε τι τα περιμένει”;https://i.imgur.com/iCkGSk6.jpg;;;;
Πάνος;  Και έγλυφε και τα κοκαλάκια;https://i.imgur.com/iCkGSk6.jpg;;;;
Μιχάλης;  Δεν άφησε τίποτα;https://i.imgur.com/n9Pd3IM.png;;;;
Πάνος;  Ε..;https://i.imgur.com/iCkGSk6.jpg;;;;
Πάνος;  Σαν τα μπεκατσόνια θα πάμε;https://i.imgur.com/iCkGSk6.jpg;;;;
Πάνος;  Άντε ρε! Μεσημεριάσαμε;https://i.imgur.com/iCkGSk6.jpg;;;;
Μιχάλης;"  Πάνο εγώ φόρτωσα τα πράγματα μόνος μου και εγώ φταίω;";https://i.imgur.com/n9Pd3IM.png;;;;
Πάνος;"  Δεν έχουμε δικαίωμα να μας πονάει και ΄μας μια φορά η μέση μας;";https://i.imgur.com/iCkGSk6.jpg;;;;
Αντώνης;"  Είναι ανάγκη να μαλώνουμε;";https://i.imgur.com/PAmhjDJ.png;;;;
Πάνος;"  Ξέρω’γω τι λέει ο άνθρωπος;";https://i.imgur.com/iCkGSk6.jpg;;;;
Μιχάλης;  Κυρία Αρχοντούλα· κυρία Σουλτάνα θα ερχόμαστε να σας βλέπουμε τουλάχιστον μια φορά την εβδομάδα;https://i.imgur.com/n9Pd3IM.png;;;;
Μιχάλης;"  Ε Πάνο; Ε Αντώνη;";https://i.imgur.com/n9Pd3IM.png;;;;
Αντώνης;  Οπωσδήποτε;https://i.imgur.com/PAmhjDJ.png;;;;
Κα.Σουλτάνα; Να μας ξανάρθετε κύριε Αντώνη· να μας ξανάρθετε κύριε Πάνο;https://i.imgur.com/YuklvNO.jpg;;;;
Μιχάλης;"  Τι έγινε;";https://i.imgur.com/n9Pd3IM.png;;;;
Πάνος;  Τι έγινε;https://i.imgur.com/iCkGSk6.jpg;;;;
Μιχάλης;"  Γιατί σταματήσαμε;";https://i.imgur.com/n9Pd3IM.png;;;;
Πάνος;  Ο Αντώνης;https://i.imgur.com/iCkGSk6.jpg;;;;
Αντώνης;  Μιχάλη πρέπει να μείνουμε λίγο να ξεκουραστούμε να κάνουμε κι’ ένα μπάνιο;https://i.imgur.com/PAmhjDJ.png;;;;
Πάνος;  Για να μη μας πιάσει η ζέστη μέσα στο καράβι;https://i.imgur.com/iCkGSk6.jpg;;;;
Αντώνης;  Και το βράδυ..;https://i.imgur.com/PAmhjDJ.png;;;;
Πάνος;"  Ποιο βράδυ; Πριν πέσει ο ήλιος έχουμε πιάσει Θάσο";https://i.imgur.com/iCkGSk6.jpg;;;;
Μιχάλης;  Καλό είναι αυτό που λέτε και συμφωνώ · αλλά φοβάμαι λίγο μήπως ανησυχήσουν;https://i.imgur.com/n9Pd3IM.png;;;;
Πάνος;"  Ποιος να ανησυχήσει;";https://i.imgur.com/iCkGSk6.jpg;;;;
Μιχάλης;  Οι οικογένειές μας;https://i.imgur.com/n9Pd3IM.png;;;;
Πάνος;"  Αφού θα πας εσύ και θα τους πεις έρχονται· πώς θα ανησυχήσουν;";https://i.imgur.com/iCkGSk6.jpg;;;;
Μιχάλης;"  Εγώ δηλαδή πάω πρώτος και ερχόσαστε εσείς μετά;";https://i.imgur.com/n9Pd3IM.png;;;;
Πάνος;"  Ε αυτό δε λέμε;";https://i.imgur.com/iCkGSk6.jpg;;;;
Μιχάλης;  Ξεφουσκώνω τα λάστιχα εγώ!;https://i.imgur.com/n9Pd3IM.png;;;;
Μιχάλης;  Ρίχνω ζάχαρη στο ρεζερβουάρ εγώ!;https://i.imgur.com/n9Pd3IM.png;;;;
Μιχάλης;"  Ξεχνάω το τσιγάρο μου αναμμένο και πιάνει φωτιά!!
Εγώ!!!!";https://i.imgur.com/n9Pd3IM.png;;;;
Πάνος;  Τι φωνάζεις ρε!;https://i.imgur.com/iCkGSk6.jpg;;;;
Πάνος;"  Είδες εσύ το χάρο με τα μάτια σου όπως τον είδα εγώ και ο Αντώνης;";https://i.imgur.com/iCkGSk6.jpg;;;;
Μιχάλης;  Εμείς είμαστε τα κορόιδα!!;https://i.imgur.com/n9Pd3IM.png;;;;
Πάνος;"  Έπεσες εσύ μέσα στη λίμνη και να κολλάνε οι βδέλλες και να σου αδειάζουν το αίμα;";https://i.imgur.com/iCkGSk6.jpg;;;;
Μιχάλης;  Εμείς βγήκαμε με τα πόδια δε βγήκαμε με το κεφάλι!!;https://i.imgur.com/n9Pd3IM.png;;;;
Πάνος;"  Κόλλησες εσύ μέσα στη λάσπη και να’ρχονται οι νεροφίδες να σε κοιτάνε;";https://i.imgur.com/iCkGSk6.jpg;;;;
Μιχάλης;  Κατουρήσαμε στο πηγάδι εμείς!!!;https://i.imgur.com/n9Pd3IM.png;;;;
Αντώνης;  Θα μείνουμε και οι τρεις;https://i.imgur.com/PAmhjDJ.png;;;;
Αντώνης;  Θα κάνουμε όμως μόνο ένα μπάνιο;https://i.imgur.com/PAmhjDJ.png;;;;
Αντώνης;  Θα φάμε ελαφρά· θα κοιμηθούμε τρεις ώρες;https://i.imgur.com/PAmhjDJ.png;;;;
Αντώνης;  Και  μόλις πέσει ο ήλιος και δροσίσει· ξεκινάμε αμέσως για τις οικογένειες μας;https://i.imgur.com/PAmhjDJ.png;;;;